Empresa;País;Supersector STOXX/ICB
Siemens AG;Alemania;Industrial Goods and Services
Deutsche Post AG (DHL);Alemania;Industrial Goods and Services
BMW GROUP;Alemania;Automobiles and Parts
Infineon Technologies AG;Alemania;Technology
Volkswagen AG Vz;Alemania;Automobiles and Parts
BASF;Alemania;Chemicals
Múnich Re AG;Alemania;Insurance
BAYER;Alemania;Healthcare
Deutsche Telekom AG;Alemania;Telecommunications
DEUTSCHE BÖRSE;Alemania;Financial Services
SAP SE;Alemania;Technology
Mercedes Benz Group AG (antiguo Daimler);Alemania;Automobiles and Parts
adidas;Alemania;Consumer Products and Services
ALLIANZ;Alemania;Insurance
ANHEUSER-BUSCH INBEV;Bélgica;Food, Beverage and Tobacco
BBVA;España;Banks
Inditex;España;Retail
IBERDROLA S.A;España;Utilities
Banco Santander S.A;España;Banks
NORDEA BANK;Finlandia;Banks
NOKIA;Finlandia;Telecommunications
Pernod-Ricard S.A;Francia;Food, Beverage and Tobacco
TOTAL S.A;Francia;Energy
Airbus SE;Francia;Industrial Goods and Services
SAFRAN;Francia;Industrial Goods and Services
Hermes International S.A;Francia;Consumer Products and Services
BNP Paribas S.A;Francia;Banks
SANOFI-AVENTIS S.A;Francia;Healthcare
AIR LIQUIDE;Francia;Chemicals
LVMH SA;Francia;Consumer Products and Services
Kering S.A;Francia;Consumer Products and Services
Danone;Francia;Food, Beverage and Tobacco
EssilorLuxottica;Francia;Healthcare
VINCI S.A;Francia;Construction and Materials
SCHNEIDER ELECTRIC;Francia;Industrial Goods and Services
AXA S.A;Francia;Insurance
Compagnie de Saint-Gobain S.A;Francia;Construction and Materials
L'Oréal S.A;Francia;Personal Care, Drug and Grocery Stores
Unicredit SpA o Unicredit Group;Italia;Banks
ENI SpA;Italia;Energy
ENEL;Italia;Utilities
FERRARI NV;Italia;Automobiles and Parts
Intesa Sanpaolo S.p.A;Italia;Banks
Adyen;Países Bajos;Industrial Goods and Services
Wolters Kluwer NV;Países Bajos;Industrial Goods and Services
AHOLD DELHAIZE,KON.EO-,01;Países Bajos;Personal Care, Drug and Grocery Stores
STELLANTIS NV;Países Bajos;Automobiles and Parts
ASML Holding NV;Países Bajos;Technology
Grupo ING NV;Países Bajos;Banks
