termino;tipo;pilar;sectorial;origen;nota
absenteeism;termino;S;0;auditoria;
accessibility;termino;S;0;auditoria;
affordability;termino;S;0;auditoria;
agroforestry;termino;E;0;auditoria;
air pollutant;termino;E;0;auditoria;
air quality;termino;E;0;auditoria;
animal welfare;termino;E;0;auditoria;
anti-money laundering;termino;G;0;auditoria;
antitrust;termino;G;0;auditoria;
apprentice;termino;S;0;auditoria;
article\s*[689]\b;patron;TRANS;0;manual;
audit committee;termino;G;0;auditoria;
b corp;termino;G;1;auditoria;
better cotton;termino;S;1;auditoria;
biodiversity;termino;E;0;bloque;
biofuel;termino;E;0;bloque;
biomass;termino;E;0;bloque;
board oversight;termino;G;1;auditoria;
bribery;termino;G;0;bloque;
business ethics;termino;G;0;auditoria;
carbon;termino;E;0;bloque;
carbon neutrality;termino;E;0;bloque;
cdp;termino;TRANS;0;bloque;
chemical management;termino;E;0;bloque;
child labor;termino;S;0;bloque;
circular;termino;E;0;manual;
circular economy;termino;E;0;manual;
circulari\w+;patron;E;0;manual;
circularity;termino;E;0;manual;
clean energy;termino;E;0;auditoria;
climate;termino;E;0;bloque;
climate change;termino;E;0;bloque;
co2;termino;E;0;bloque;
co2e;termino;E;0;bloque;
co2e?;patron;E;0;manual;
coal;termino;E;0;bloque;
code of conduct;termino;G;0;auditoria;
code of ethics;termino;G;0;auditoria;
collective bargaining;termino;S;0;auditoria;
community engagement;termino;S;0;bloque;
community relations;termino;S;1;auditoria;
compliance and ethics;termino;G;0;manual;
compliance committee;termino;G;0;manual;
compliance department;termino;G;0;manual;
compliance function;termino;G;0;manual;
compliance management system;termino;G;0;manual;
compliance officer;termino;G;0;manual;
compliance program;termino;G;0;manual;
compliance programme;termino;G;0;manual;
compliance risk;termino;G;0;manual;
compliance training;termino;G;0;manual;
compliance violation;termino;G;0;manual;
compost;termino;E;0;auditoria;
conflict of interest;termino;G;0;auditoria;
conflicts of interest;termino;G;0;auditoria;
consumer protection;termino;S;0;auditoria;
cop 28;termino;G;1;auditoria;
cop28;termino;G;1;auditoria;
corruption;termino;G;0;bloque;
cover crop;termino;E;1;auditoria;
csr;termino;TRANS;0;bloque;
csrd;termino;TRANS;0;bloque;
customer privacy;termino;S;0;auditoria;
customer satisfaction;termino;S;0;auditoria;
cybersecuri\w+;patron;G;0;manual;
cybersecurity;termino;G;0;bloque;
data breach;termino;G;0;bloque;
data privacy;termino;G;0;bloque;
data protection;termino;G;0;bloque;
data security;termino;G;0;bloque;
decarboni\w+;patron;E;0;manual;
decarbonisation;termino;E;0;manual;
decarbonise;termino;E;0;manual;
decarbonization;termino;E;0;manual;
decarbonize;termino;E;0;manual;
deforestation;termino;E;0;bloque;
dei;termino;S;0;auditoria;
disabilit\w+;patron;S;0;manual;
disability;termino;S;0;manual;
discrimination;termino;S;0;bloque;
diversity;termino;S;0;bloque;
donation;termino;S;0;auditoria;
double materiality;termino;TRANS;0;bloque;
drought;termino;E;0;bloque;
due diligence;termino;G;0;bloque;
duty of vigilance;termino;G;0;auditoria;
ecodesign;termino;E;1;auditoria;
ecosystem;termino;E;0;bloque;
ecovadis;termino;TRANS;0;bloque;
effluent;termino;E;0;auditoria;
electricity;termino;E;0;bloque;
electrif\w+;patron;E;0;manual;
electrification;termino;E;0;bloque;
emission;termino;E;0;bloque;
employee engagement;termino;S;0;auditoria;
employee wellbeing;termino;S;0;bloque;
employee\s+well\w*;patron;S;0;manual;
energy consumption;termino;E;0;bloque;
energy efficiency;termino;E;0;bloque;
energy management;termino;E;0;auditoria;
energy mix;termino;E;0;bloque;
energy storage;termino;E;1;auditoria;
energy transition;termino;E;0;bloque;
energy\s+(?:consumption|efficiency|transition|mix|intensity|storage);patron;E;0;manual;
environ\w+;patron;E;0;manual;
equal opportunity;termino;S;0;manual;
equal pay;termino;S;0;auditoria;
equal\s+opportunit\w+;patron;S;0;manual;
equality;termino;S;0;bloque;
ergonomic;termino;S;0;auditoria;
ergonomic\w*;patron;S;0;manual;
esg;termino;TRANS;0;bloque;
esrs;termino;TRANS;0;bloque;
ethical;termino;G;0;auditoria;
ethics and compliance;termino;G;0;manual;
eu taxonomy;termino;TRANS;0;bloque;REVISAR: la Taxonomia UE es clasificacion ambiental, pero tambien marco de reporte
executive compensation;termino;G;1;auditoria;
fair compensation;termino;S;0;bloque;
fair competition;termino;G;0;bloque;
fair condition;termino;S;0;bloque;
fair labor;termino;S;0;bloque;
fair trade;termino;S;0;auditoria;
fair wage;termino;S;0;bloque;
fairtrade;termino;S;1;auditoria;
fatalit\w+;patron;S;0;manual;
fatality;termino;S;0;manual;
female representation;termino;S;0;auditoria;
first aid;termino;S;0;auditoria;
flood;termino;E;0;bloque;
flooding;termino;E;0;bloque;
food safety;termino;S;1;auditoria;
footprint;termino;E;0;bloque;
forced labor;termino;S;0;bloque;
fraud;termino;G;0;auditoria;
freedom of association;termino;S;0;auditoria;
ftse4good;termino;TRANS;0;bloque;
fuel;termino;E;0;bloque;
gdpr;termino;G;0;bloque;"REVISAR: venia de ""marcos de reporting"" pero es especifico de G"
gender;termino;S;0;bloque;
geothermal;termino;E;0;auditoria;
ghg;termino;E;0;bloque;
global reporting initiative;termino;TRANS;0;bloque;
global warming;termino;E;0;auditoria;
governance;termino;G;0;bloque;
green bond;termino;E;0;bloque;"REVISAR: venia de ""marcos de reporting"" pero es especifico de E"
green energy;termino;E;0;auditoria;
green hydrogen;termino;E;0;bloque;
green investment;termino;E;0;bloque;"REVISAR: venia de ""marcos de reporting"" pero es especifico de E"
greenhouse;termino;E;0;bloque;
gri;termino;TRANS;0;bloque;
grievance;termino;S;0;auditoria;
habitat;termino;E;0;auditoria;
harassment;termino;S;0;bloque;
hazardous;termino;E;0;bloque;
health and safety;termino;S;0;bloque;
heat wave;termino;E;0;bloque;
human capital;termino;S;0;auditoria;
human right;termino;S;0;bloque;
human trafficking;termino;S;0;auditoria;
hydroelectric;termino;E;0;auditoria;
hydrogen;termino;E;0;bloque;
hydropower;termino;E;0;auditoria;
ifrs\s*s[12]\b;patron;TRANS;0;manual;
ilo;termino;S;0;auditoria;
inclusion;termino;S;0;bloque;
inclusiv\w+;patron;S;0;manual;
inclusive;termino;S;0;bloque;
independent director;termino;G;0;auditoria;
indigenous;termino;S;0;auditoria;
information security;termino;G;0;bloque;
injur\w+;patron;S;0;manual;
injury;termino;S;0;bloque;
insider trading;termino;G;0;auditoria;
integrity;termino;G;0;auditoria;
internal audit;termino;G;0;auditoria;
internal control;termino;G;0;auditoria;
iso 14001;termino;E;0;auditoria;
iso 37001;termino;G;1;auditoria;
iso 45001;termino;G;0;auditoria;
iso 50001;termino;E;0;auditoria;
iso\s*(?:14001|45001|50001|37001)\b;patron;?;0;manual;MEZCLA PILARES: 14001=E, 45001=S, 50001=E, 37001=G -> hay que partirlo
issb;termino;TRANS;0;bloque;
just\s+transition;patron;?;0;manual;transicion justa: ambiental por causa, social por efecto
labor practices;termino;S;0;auditoria;
labor right;termino;S;0;bloque;
land use;termino;E;0;auditoria;
landfill;termino;E;0;auditoria;
lca;termino;E;0;auditoria;
leather working group;termino;S;1;auditoria;
leed;termino;E;0;bloque;"REVISAR: venia de ""marcos de reporting"" pero es especifico de E"
life cycle assessment;termino;E;0;auditoria;
living income;termino;S;1;auditoria;
living wage;termino;S;0;bloque;
lobbying;termino;G;0;auditoria;
local community;termino;S;0;manual;
local\s+communit\w+;patron;S;0;manual;
low carbon;termino;E;0;bloque;
marine;termino;E;0;auditoria;
material topic;termino;TRANS;0;bloque;
materiality;termino;TRANS;0;bloque;
maternity;termino;S;0;auditoria;
mental health;termino;S;0;auditoria;
methane;termino;E;0;bloque;
microfiber;termino;E;1;auditoria;
microplastic;termino;E;0;auditoria;
minimum wage;termino;S;0;auditoria;
modern slavery;termino;S;0;bloque;
money laundering;termino;G;0;auditoria;
msci esg;termino;TRANS;0;bloque;
natural capital;termino;E;0;auditoria;
natural disaster;termino;E;0;bloque;
nature-based solution;termino;E;0;bloque;
net zero;termino;E;0;bloque;
non-compliance;termino;G;0;manual;
non-financial;termino;TRANS;0;bloque;
nonfinancial;termino;TRANS;0;bloque;
nox;termino;E;0;auditoria;
nutrition;termino;S;1;auditoria;
occupational health;termino;S;0;bloque;
ocean;termino;E;0;auditoria;
oecd guidelines;termino;S;0;auditoria;
offset;termino;E;0;bloque;
offset\w+;patron;E;0;manual;
packaging;termino;E;0;bloque;
paris\s+agreement;patron;E;0;manual;
particulate matter;termino;E;0;auditoria;
pay equity;termino;S;0;auditoria;
peatland;termino;E;1;auditoria;
philanthrop\w+;patron;S;0;manual;
philanthropy;termino;S;0;manual;
photovoltaic;termino;E;0;bloque;
plastic;termino;E;0;bloque;
political contribution;termino;G;0;auditoria;
pollution;termino;E;0;bloque;
product quality;termino;S;0;auditoria;
product safety;termino;S;0;auditoria;
proxy advisor;termino;G;0;manual;
proxy statement;termino;G;0;manual;
racism;termino;S;0;bloque;
raw material;termino;E;0;auditoria;F. lo asigna a E, pero a menudo es contabilidad de costes, no ESG
recycl\w+;patron;E;0;manual;
recyclable;termino;E;0;manual;
recycle;termino;E;0;manual;
recycling;termino;E;0;manual;
reforestation;termino;E;0;bloque;
refrigerant;termino;E;0;auditoria;
regenerative agriculture;termino;E;0;auditoria;
regulatory compliance;termino;G;0;manual;
related party;termino;G;0;auditoria;
remuneration;termino;G;0;bloque;
renewable;termino;E;0;bloque;
reskilling;termino;S;0;auditoria;
resource efficiency;termino;E;0;auditoria;
responsible business;termino;G;0;bloque;
responsible investment;termino;G;0;bloque;
responsible marketing;termino;S;0;auditoria;
responsible sourcing;termino;G;0;bloque;
risk appetite;termino;G;0;auditoria;
risk management;termino;G;0;bloque;
road safety;termino;S;0;auditoria;
sanction;termino;G;0;auditoria;
sapin;termino;G;0;auditoria;
sasb;termino;TRANS;0;bloque;
say on pay;termino;G;0;auditoria;
sbti;termino;E;0;bloque;"REVISAR: venia de ""marcos de reporting"" pero es especifico de E"
scenario analysis;termino;G;0;auditoria;
science based target;termino;E;0;bloque;"REVISAR: venia de ""marcos de reporting"" pero es especifico de E"
scope\s*[123]\b;patron;E;0;manual;
scope\s+(?:one|two|three);patron;E;0;manual;
sdg;termino;TRANS;0;bloque;
sedex;termino;S;1;auditoria;
sf6;termino;E;1;auditoria;
sfdr;termino;TRANS;0;bloque;
smeta;termino;S;1;auditoria;
social audit;termino;S;0;manual;
social commitment;termino;S;0;bloque;
social compliance;termino;S;0;bloque;
social dialogue;termino;S;0;manual;
social enterprise;termino;S;0;manual;
social impact;termino;S;0;bloque;
social inclusion;termino;S;0;manual;
social indicator;termino;S;0;manual;
social issue;termino;S;0;manual;
social norm;termino;S;0;bloque;
social partner;termino;S;0;manual;
social performance;termino;S;0;manual;
social protection;termino;S;0;manual;
social responsibility;termino;S;0;bloque;
social risk;termino;S;0;manual;
social standard;termino;S;0;bloque;
social\s+(?:responsibility|impact|policy|pillar|report|performance|value|welfare|audit|capital|sustainability|license|licence|dialogue|protection|partner|standard|norm|commitment|compliance);patron;S;0;manual;
soil health;termino;E;0;auditoria;
solar;termino;E;0;bloque;
speak up;termino;G;0;auditoria;
species;termino;E;0;auditoria;
stakeholder;termino;S;0;bloque;
succession planning;termino;G;0;auditoria;
supplier assessment;termino;G;0;auditoria;
supply chain;termino;G;0;auditoria;F. lo asigna a G, pero cambia con el contexto (emisiones=E, derechos=S)
supply chain due diligence;termino;G;0;bloque;
supply chain management;termino;G;0;bloque;
supply chain risk;termino;G;0;bloque;
supply chain transparency;termino;G;0;bloque;
sustainab\w+;patron;TRANS;0;manual;
sustainability;termino;TRANS;0;manual;paraguas: no identifica pilar
sustainable;termino;TRANS;0;manual;paraguas: no identifica pilar
sustainalytics;termino;TRANS;0;bloque;
talent development;termino;S;0;auditoria;
tax avoidance;termino;G;0;bloque;
tax compliance;termino;G;0;manual;
tax policy;termino;G;0;bloque;
tax strategy;termino;G;0;auditoria;
tax transparency;termino;G;0;bloque;
taxonomy aligned;termino;TRANS;0;bloque;REVISAR: la Taxonomia UE es clasificacion ambiental, pero tambien marco de reporte
taxonomy alignment;termino;TRANS;0;bloque;REVISAR: la Taxonomia UE es clasificacion ambiental, pero tambien marco de reporte
taxonomy eligible;termino;TRANS;0;bloque;REVISAR: la Taxonomia UE es clasificacion ambiental, pero tambien marco de reporte
tcfd;termino;TRANS;0;bloque;
tnfd;termino;TRANS;0;bloque;
tonne\w*\s+(?:co2|carbon);patron;E;0;manual;
trade union;termino;S;0;auditoria;
training and development;termino;S;0;bloque;
training hour;termino;S;0;bloque;
training program;termino;S;0;bloque;
transition plan;termino;E;0;bloque;
transparency;termino;G;0;bloque;
un global compact;termino;TRANS;0;bloque;
ungp;termino;S;0;bloque;
upskilling;termino;S;0;auditoria;
vigilance plan;termino;G;0;auditoria;
virgin polyester;termino;E;1;auditoria;
volatile organic;termino;E;0;auditoria;
volunteer;termino;S;0;auditoria;
waste;termino;E;0;bloque;
wastewater;termino;E;0;auditoria;
water;termino;E;0;bloque;
water\s+(?:usage|consumption|stewardship|management|withdrawal|scarcity|stress);patron;E;0;manual;
wellbeing;termino;S;0;auditoria;
wetland;termino;E;0;auditoria;
whistleblow\w+;patron;G;0;manual;
whistleblower;termino;G;0;auditoria;
whistleblowing;termino;G;0;bloque;
wind energy;termino;E;0;bloque;
wind farm;termino;E;0;auditoria;
wind power;termino;E;0;bloque;
wind turbine;termino;E;0;auditoria;
work-life balance;termino;S;0;auditoria;
works council;termino;S;0;auditoria;
zdhc;termino;E;0;bloque;"REVISAR: venia de ""marcos de reporting"" pero es especifico de E"
