codigo,norma_o_documento,fecha,url,verificado_en_esta_sesion
NFRD-DIR,"Directiva 2014/95/UE (NFRD), art. 4: ejercicios que empiecen el 1-1-2017 o durante 2017. Grandes EIP > 500 empleados","22-10-2014 (DO L 330 de 15-11-2014)",https://eur-lex.europa.eu/eli/dir/2014/95/oj,"no (referencia estable)"
NFRD-DE,"CSR-Richtlinie-Umsetzungsgesetz (§§ 289b-289e y 315b-315c HGB)","11-04-2017 (BGBl. I 2017 S. 802)",https://www.bgbl.de/xaver/bgbl/start.xav?jumpTo=bgbl117s0802.pdf,"no (referencia de diario oficial)"
NFRD-FR,"Ordonnance n.º 2017-1180 de 19-07-2017 y Décret n.º 2017-1265 de 9-08-2017 (déclaration de performance extra-financière)","JORF 21-07-2017 y 11-08-2017",https://www.legifrance.gouv.fr/jorf/article_jo/JORFARTI000035250872,"sí (búsqueda, texto en Légifrance)"
NFRD-IT,"Decreto legislativo 30-12-2016 n. 254 (dichiarazione di carattere non finanziario)","GU n. 7 de 10-01-2017",https://www.normattiva.it/uri-res/N2Ls?urn:nir:stato:decreto.legislativo:2016-12-30;254,"no (URN estable)"
NFRD-ES,"Ley 11/2018 de 28-12-2018 (estado de información no financiera, antes RDL 18/2017)","BOE 29-12-2018",https://www.boe.es/eli/es/l/2018/12/28/11,"no (ELI estable)"
NFRD-NL,"Besluit bekendmaking niet-financiële informatie","Stb. 2017, 100",https://zoek.officielebekendmakingen.nl/stb-2017-100.html,"no (referencia de diario oficial)"
NFRD-BE,"Loi du 3 septembre 2017 relative à la publication d'informations non financières et d'informations relatives à la diversité","M.B. 11-09-2017",https://www.ibr-ire.be/fr/actualites/news-detail/la-belgique-a-transpos-la-directive-europ-enne-2014-95-qui-concerne-la-publication-d-informations-non-financi-res,"sí (nota del IBR-IRE, texto oficial en ejustice.just.fgov.be)"
NFRD-FI,"Laki kirjanpitolain muuttamisesta 1376/2016 (cap. 3 a)","diciembre de 2016",https://finlex.fi/fi/laki/alkup/2016/20161376,"no (referencia de diario oficial)"
TAX-REG,"Reglamento (UE) 2020/852 (Taxonomía), art. 8 y art. 27(2)(a): aplicable desde el 1-1-2022 para los objetivos climáticos","18-06-2020",https://eur-lex.europa.eu/eli/reg/2020/852/oj,"no (referencia estable)"
TAX-DA,"Reglamento Delegado (UE) 2021/2178 (Disclosures DA), art. 10: solo elegibilidad del 1-1-2022 al 31-12-2022 (no financieras) y del 1-1-2022 al 31-12-2023 (financieras). KPI completos desde el 1-1-2023 (no financieras) y el 1-1-2024 (financieras). Secciones 1.2.3 y 1.2.4 del anexo V (cartera de negociación y comisiones de entidades de crédito) desde el 1-1-2026","06-07-2021 (DO L 443 de 10-12-2021)",https://eur-lex.europa.eu/eli/reg_del/2021/2178/oj,"sí (texto leído en la Oficina de Publicaciones, CELEX 32021R2178)"
CSRD-DIR,"Directiva (UE) 2022/2464 (CSRD), art. 5(1)-(2)(a): transposición hasta el 6-7-2024. Ola 1 (grandes EIP > 500 empleados) para ejercicios que empiecen desde el 1-1-2024","14-12-2022",https://eur-lex.europa.eu/eli/dir/2022/2464/oj,"sí (texto leído en la Oficina de Publicaciones, CELEX 32022L2464)"
STC-DIR,"Directiva (UE) 2025/794 (stop-the-clock), art. 1: solo cambia las letras b) y c) del art. 5(2) de la CSRD (olas 2 y 3, a 2027 y 2028). La ola 1 (letra a) no cambia. Transposición hasta el 31-12-2025","14-04-2025",https://eur-lex.europa.eu/eli/dir/2025/794/oj,"sí (texto leído en la Oficina de Publicaciones, CELEX 32025L0794)"
CSRD-FR,"Ordonnance n.º 2023-1142 de 6-12-2023 y Décret n.º 2023-1394 de 30-12-2023: ejercicios abiertos desde el 1-1-2024 para la ola 1 (calendario posterior modificado por la Loi 2025-391)","JORF 7-12-2023 y 31-12-2023",https://www.legifrance.gouv.fr/loda/article_lc/LEGIARTI000051559586,"sí (búsqueda, texto consolidado del art. 33 en Légifrance)"
CSRD-IT,"Decreto legislativo 6-09-2024 n. 125: en vigor el 25-09-2024. Ola 1 desde el ejercicio 2024","GU n. 212 de 10-09-2024",https://www.normattiva.it/uri-res/N2Ls?urn:nir:stato:decreto.legislativo:2024-09-06;125,"sí (búsqueda; extracto de la GU: https://www.dirittobancario.it/wp-content/uploads/2024/09/Decreto-Legislativo-06-settembre-2024-n.-125-estratto-della-Gazzetta-Ufficiale.pdf)"
CSRD-FI,"Laki kirjanpitolain muuttamisesta 1249/2023 (con 1250/2023, 1260/2023 y 1262/2023, HE 20/2023): ola 1 desde el ejercicio 2024","publicada el 29-12-2023",https://finlex.fi/fi/lainsaadanto/saadoskokoelma/2023/1249,"parcial (título y número en Finlex; fecha de transposición 21-12-2023 en el seguimiento de Gibson Dunn; la cláusula de entrada en vigor no se leyó)"
CSRD-BE,"Loi du 2 décembre 2024 relative à la publication, par certaines sociétés et groupes, d'informations en matière de durabilité. Art. 116: ola 1 = ejercicio 2024, publicación en 2025","M.B. 20-12-2024",https://www.ibr-ire.be/docs/default-source/fr/documents/reglementation-et-publications/doctrine/communications/note-technique-1-csrd-reportingdurabilite---18-02-2025.pdf,"sí (nota técnica del IBR-IRE de 18-02-2025, tabla de aplicación; expediente parlamentario: https://www.lachambre.be/FLWB/PDF/56/1036/56K1036003.pdf)"
CSRD-DE,"No transpuesta. El proyecto de 2024 (BT-Drs. 20/12787) decayó. Nuevo proyecto BT-Drs. 21/1857 (3-09-2025), con enmienda de 31-03-2026 y audiencia de 13-04-2026, sin aprobar. El ejercicio 2024 sigue bajo los §§ 289b ss. HGB (NFRD)","estado a 10-2026",https://dserver.bundestag.de/btd/21/018/2101857.pdf,"sí (DRSC 1-04-2026: https://www.drsc.de/news/csrd-umsetzungsgesetz-oeffentliche-anhoerung-aenderungsantrag/ ; PwC sobre el cierre a 31-12-2024: https://blogs.pwc.de/en/accounting-and-reporting/article/246866/)"
CSRD-ES,"No transpuesta. Proyecto de Ley de Información Empresarial sobre Sostenibilidad (Consejo de Ministros 29-10-2024, expediente 121/000038), en tramitación. El ejercicio 2024 sigue bajo la Ley 11/2018; la CNMV y el ICAC recomiendan usar las ESRS como marco","estado a 10-2026",https://www.congreso.es/webpublica/documentacion/docs_trabajo/leg15/121_000038/121_000038_dosier.pdf,"sí (búsqueda; informe de la CNMV sobre EINF 2024: https://www.cnmv.es/DocPortal/Publicaciones/Informes/EINF_2024_ES.pdf)"
CSRD-NL,"No transpuesta. Wet implementatie richtlijn duurzaamheidsrapportering (36.678), presentada el 13-01-2025, sigue en la Tweede Kamer (último documento: 13-05-2026). El contenido irá en un Implementatiebesluit. El Gobierno anunció una cláusula de reparación (9-02-2026) para dar por cumplidos los informes 2024-2025 elaborados con ESRS","estado a 10-2026",https://www.eerstekamer.nl/wetsvoorstel/36678_wet_implementatie_richtlijn,"sí (Eerste Kamer; carta de 9-02-2026: https://www.rijksoverheid.nl/documenten/kamerstukken/2026/02/09/reparatieclausule-en-wetgevingsoverleg-csrd)"
TRACKER-GD,"Gibson Dunn, CSRD Transposition Tracker (11-09-2026): estado y fecha por país","11-09-2026",https://www.gibsondunn.com/wp-content/uploads/2026/09/CSRD_Transposition-Tracker_Draft_September_2026.pdf,"sí (fuente secundaria de contraste)"
