Compañía;year;sede_legal;plantilla_art8;inicio_ejercicio;publicacion_aprox;nfrd;taxonomy_eligibility;taxonomy_alignment;csrd;regimen;nota;sources
AHOLD DELHAIZE,KON.EO-,01;2018;NL;no_financiera;2018-01-01;2019-03-01;1;0;0;0;NFRD;;"NFRD-DIR;NFRD-NL"
AHOLD DELHAIZE,KON.EO-,01;2019;NL;no_financiera;2019-01-01;2020-03-01;1;0;0;0;NFRD;;"NFRD-DIR;NFRD-NL"
AHOLD DELHAIZE,KON.EO-,01;2020;NL;no_financiera;2020-01-01;2021-03-01;1;0;0;0;NFRD;;"NFRD-DIR;NFRD-NL"
AHOLD DELHAIZE,KON.EO-,01;2021;NL;no_financiera;2021-01-01;2022-03-01;1;1;0;0;NFRD;;"NFRD-DIR;NFRD-NL;TAX-REG;TAX-DA"
AHOLD DELHAIZE,KON.EO-,01;2022;NL;no_financiera;2022-01-01;2023-03-01;1;1;1;0;NFRD;;"NFRD-DIR;NFRD-NL;TAX-REG;TAX-DA"
AHOLD DELHAIZE,KON.EO-,01;2023;NL;no_financiera;2023-01-01;2024-03-01;1;1;1;0;NFRD;;"NFRD-DIR;NFRD-NL;TAX-REG;TAX-DA"
AHOLD DELHAIZE,KON.EO-,01;2024;NL;no_financiera;2024-01-01;2025-03-01;1;1;1;0;NFRD;;"NFRD-DIR;NFRD-NL;TAX-REG;TAX-DA;CSRD-DIR;CSRD-NL;STC-DIR"
AIR LIQUIDE;2018;FR;no_financiera;2018-01-01;2019-03-01;1;0;0;0;NFRD;;"NFRD-DIR;NFRD-FR"
AIR LIQUIDE;2019;FR;no_financiera;2019-01-01;2020-03-01;1;0;0;0;NFRD;;"NFRD-DIR;NFRD-FR"
AIR LIQUIDE;2020;FR;no_financiera;2020-01-01;2021-03-01;1;0;0;0;NFRD;;"NFRD-DIR;NFRD-FR"
AIR LIQUIDE;2021;FR;no_financiera;2021-01-01;2022-03-01;1;1;0;0;NFRD;;"NFRD-DIR;NFRD-FR;TAX-REG;TAX-DA"
AIR LIQUIDE;2022;FR;no_financiera;2022-01-01;2023-03-01;1;1;1;0;NFRD;;"NFRD-DIR;NFRD-FR;TAX-REG;TAX-DA"
AIR LIQUIDE;2023;FR;no_financiera;2023-01-01;2024-03-01;1;1;1;0;NFRD;;"NFRD-DIR;NFRD-FR;TAX-REG;TAX-DA"
AIR LIQUIDE;2024;FR;no_financiera;2024-01-01;2025-03-01;0;1;1;1;CSRD-ESRS;;"TAX-REG;TAX-DA;CSRD-DIR;CSRD-FR;STC-DIR"
ALLIANZ;2018;DE;aseguradora;2018-01-01;2019-03-01;1;0;0;0;NFRD;;"NFRD-DIR;NFRD-DE"
ALLIANZ;2019;DE;aseguradora;2019-01-01;2020-03-01;1;0;0;0;NFRD;;"NFRD-DIR;NFRD-DE"
ALLIANZ;2020;DE;aseguradora;2020-01-01;2021-03-01;1;0;0;0;NFRD;;"NFRD-DIR;NFRD-DE"
ALLIANZ;2021;DE;aseguradora;2021-01-01;2022-03-01;1;1;0;0;NFRD;;"NFRD-DIR;NFRD-DE;TAX-REG;TAX-DA"
ALLIANZ;2022;DE;aseguradora;2022-01-01;2023-03-01;1;1;0;0;NFRD;;"NFRD-DIR;NFRD-DE;TAX-REG;TAX-DA"
ALLIANZ;2023;DE;aseguradora;2023-01-01;2024-03-01;1;1;1;0;NFRD;;"NFRD-DIR;NFRD-DE;TAX-REG;TAX-DA"
ALLIANZ;2024;DE;aseguradora;2024-01-01;2025-03-01;1;1;1;0;NFRD;;"NFRD-DIR;NFRD-DE;TAX-REG;TAX-DA;CSRD-DIR;CSRD-DE;STC-DIR"
ANHEUSER-BUSCH INBEV;2018;BE;no_financiera;2018-01-01;2019-03-01;1;0;0;0;NFRD;;"NFRD-DIR;NFRD-BE"
ANHEUSER-BUSCH INBEV;2019;BE;no_financiera;2019-01-01;2020-03-01;1;0;0;0;NFRD;;"NFRD-DIR;NFRD-BE"
ANHEUSER-BUSCH INBEV;2020;BE;no_financiera;2020-01-01;2021-03-01;1;0;0;0;NFRD;;"NFRD-DIR;NFRD-BE"
ANHEUSER-BUSCH INBEV;2021;BE;no_financiera;2021-01-01;2022-03-01;1;1;0;0;NFRD;;"NFRD-DIR;NFRD-BE;TAX-REG;TAX-DA"
ANHEUSER-BUSCH INBEV;2022;BE;no_financiera;2022-01-01;2023-03-01;1;1;1;0;NFRD;;"NFRD-DIR;NFRD-BE;TAX-REG;TAX-DA"
ANHEUSER-BUSCH INBEV;2023;BE;no_financiera;2023-01-01;2024-03-01;1;1;1;0;NFRD;;"NFRD-DIR;NFRD-BE;TAX-REG;TAX-DA"
ANHEUSER-BUSCH INBEV;2024;BE;no_financiera;2024-01-01;2025-03-01;0;1;1;1;CSRD-ESRS;;"TAX-REG;TAX-DA;CSRD-DIR;CSRD-BE;STC-DIR"
ASML Holding NV;2018;NL;no_financiera;2018-01-01;2019-03-01;1;0;0;0;NFRD;;"NFRD-DIR;NFRD-NL"
ASML Holding NV;2019;NL;no_financiera;2019-01-01;2020-03-01;1;0;0;0;NFRD;;"NFRD-DIR;NFRD-NL"
ASML Holding NV;2020;NL;no_financiera;2020-01-01;2021-03-01;1;0;0;0;NFRD;;"NFRD-DIR;NFRD-NL"
ASML Holding NV;2021;NL;no_financiera;2021-01-01;2022-03-01;1;1;0;0;NFRD;;"NFRD-DIR;NFRD-NL;TAX-REG;TAX-DA"
ASML Holding NV;2022;NL;no_financiera;2022-01-01;2023-03-01;1;1;1;0;NFRD;;"NFRD-DIR;NFRD-NL;TAX-REG;TAX-DA"
ASML Holding NV;2023;NL;no_financiera;2023-01-01;2024-03-01;1;1;1;0;NFRD;;"NFRD-DIR;NFRD-NL;TAX-REG;TAX-DA"
ASML Holding NV;2024;NL;no_financiera;2024-01-01;2025-03-01;1;1;1;0;NFRD;;"NFRD-DIR;NFRD-NL;TAX-REG;TAX-DA;CSRD-DIR;CSRD-NL;STC-DIR"
AXA S.A;2018;FR;aseguradora;2018-01-01;2019-03-01;1;0;0;0;NFRD;;"NFRD-DIR;NFRD-FR"
AXA S.A;2019;FR;aseguradora;2019-01-01;2020-03-01;1;0;0;0;NFRD;;"NFRD-DIR;NFRD-FR"
AXA S.A;2020;FR;aseguradora;2020-01-01;2021-03-01;1;0;0;0;NFRD;;"NFRD-DIR;NFRD-FR"
AXA S.A;2021;FR;aseguradora;2021-01-01;2022-03-01;1;1;0;0;NFRD;;"NFRD-DIR;NFRD-FR;TAX-REG;TAX-DA"
AXA S.A;2022;FR;aseguradora;2022-01-01;2023-03-01;1;1;0;0;NFRD;;"NFRD-DIR;NFRD-FR;TAX-REG;TAX-DA"
AXA S.A;2023;FR;aseguradora;2023-01-01;2024-03-01;1;1;1;0;NFRD;;"NFRD-DIR;NFRD-FR;TAX-REG;TAX-DA"
AXA S.A;2024;FR;aseguradora;2024-01-01;2025-03-01;0;1;1;1;CSRD-ESRS;;"TAX-REG;TAX-DA;CSRD-DIR;CSRD-FR;STC-DIR"
Adyen;2018;NL;entidad_credito;2018-01-01;2019-03-01;1;0;0;0;NFRD;"EIP desde 2017 (licencia bancaria); ~770 ETC medios en 2018 (> 500); el informe no rotula el estado no financiero";"NFRD-DIR;NFRD-NL"
Adyen;2019;NL;entidad_credito;2019-01-01;2020-03-01;1;0;0;0;NFRD;;"NFRD-DIR;NFRD-NL"
Adyen;2020;NL;entidad_credito;2020-01-01;2021-03-01;1;0;0;0;NFRD;;"NFRD-DIR;NFRD-NL"
Adyen;2021;NL;entidad_credito;2021-01-01;2022-03-01;1;1;0;0;NFRD;;"NFRD-DIR;NFRD-NL;TAX-REG;TAX-DA"
Adyen;2022;NL;entidad_credito;2022-01-01;2023-03-01;1;1;0;0;NFRD;;"NFRD-DIR;NFRD-NL;TAX-REG;TAX-DA"
Adyen;2023;NL;entidad_credito;2023-01-01;2024-03-01;1;1;1;0;NFRD;;"NFRD-DIR;NFRD-NL;TAX-REG;TAX-DA"
Adyen;2024;NL;entidad_credito;2024-01-01;2025-03-01;1;1;1;0;NFRD;;"NFRD-DIR;NFRD-NL;TAX-REG;TAX-DA;CSRD-DIR;CSRD-NL;STC-DIR"
Airbus SE;2018;NL;no_financiera;2018-01-01;2019-03-01;1;0;0;0;NFRD;;"NFRD-DIR;NFRD-NL"
Airbus SE;2019;NL;no_financiera;2019-01-01;2020-03-01;1;0;0;0;NFRD;;"NFRD-DIR;NFRD-NL"
Airbus SE;2020;NL;no_financiera;2020-01-01;2021-03-01;1;0;0;0;NFRD;;"NFRD-DIR;NFRD-NL"
Airbus SE;2021;NL;no_financiera;2021-01-01;2022-03-01;1;1;0;0;NFRD;;"NFRD-DIR;NFRD-NL;TAX-REG;TAX-DA"
Airbus SE;2022;NL;no_financiera;2022-01-01;2023-03-01;1;1;1;0;NFRD;;"NFRD-DIR;NFRD-NL;TAX-REG;TAX-DA"
Airbus SE;2023;NL;no_financiera;2023-01-01;2024-03-01;1;1;1;0;NFRD;;"NFRD-DIR;NFRD-NL;TAX-REG;TAX-DA"
Airbus SE;2024;NL;no_financiera;2024-01-01;2025-03-01;1;1;1;0;NFRD;;"NFRD-DIR;NFRD-NL;TAX-REG;TAX-DA;CSRD-DIR;CSRD-NL;STC-DIR"
BASF;2018;DE;no_financiera;2018-01-01;2019-03-01;1;0;0;0;NFRD;;"NFRD-DIR;NFRD-DE"
BASF;2019;DE;no_financiera;2019-01-01;2020-03-01;1;0;0;0;NFRD;;"NFRD-DIR;NFRD-DE"
BASF;2020;DE;no_financiera;2020-01-01;2021-03-01;1;0;0;0;NFRD;;"NFRD-DIR;NFRD-DE"
BASF;2021;DE;no_financiera;2021-01-01;2022-03-01;1;1;0;0;NFRD;;"NFRD-DIR;NFRD-DE;TAX-REG;TAX-DA"
BASF;2022;DE;no_financiera;2022-01-01;2023-03-01;1;1;1;0;NFRD;;"NFRD-DIR;NFRD-DE;TAX-REG;TAX-DA"
BASF;2023;DE;no_financiera;2023-01-01;2024-03-01;1;1;1;0;NFRD;;"NFRD-DIR;NFRD-DE;TAX-REG;TAX-DA"
BASF;2024;DE;no_financiera;2024-01-01;2025-03-01;1;1;1;0;NFRD;;"NFRD-DIR;NFRD-DE;TAX-REG;TAX-DA;CSRD-DIR;CSRD-DE;STC-DIR"
BAYER;2018;DE;no_financiera;2018-01-01;2019-03-01;1;0;0;0;NFRD;;"NFRD-DIR;NFRD-DE"
BAYER;2019;DE;no_financiera;2019-01-01;2020-03-01;1;0;0;0;NFRD;;"NFRD-DIR;NFRD-DE"
BAYER;2020;DE;no_financiera;2020-01-01;2021-03-01;1;0;0;0;NFRD;;"NFRD-DIR;NFRD-DE"
BAYER;2021;DE;no_financiera;2021-01-01;2022-03-01;1;1;0;0;NFRD;;"NFRD-DIR;NFRD-DE;TAX-REG;TAX-DA"
BAYER;2022;DE;no_financiera;2022-01-01;2023-03-01;1;1;1;0;NFRD;;"NFRD-DIR;NFRD-DE;TAX-REG;TAX-DA"
BAYER;2023;DE;no_financiera;2023-01-01;2024-03-01;1;1;1;0;NFRD;;"NFRD-DIR;NFRD-DE;TAX-REG;TAX-DA"
BAYER;2024;DE;no_financiera;2024-01-01;2025-03-01;1;1;1;0;NFRD;;"NFRD-DIR;NFRD-DE;TAX-REG;TAX-DA;CSRD-DIR;CSRD-DE;STC-DIR"
BBVA;2018;ES;entidad_credito;2018-01-01;2019-03-01;1;0;0;0;NFRD;;"NFRD-DIR;NFRD-ES"
BBVA;2019;ES;entidad_credito;2019-01-01;2020-03-01;1;0;0;0;NFRD;;"NFRD-DIR;NFRD-ES"
BBVA;2020;ES;entidad_credito;2020-01-01;2021-03-01;1;0;0;0;NFRD;;"NFRD-DIR;NFRD-ES"
BBVA;2021;ES;entidad_credito;2021-01-01;2022-03-01;1;1;0;0;NFRD;;"NFRD-DIR;NFRD-ES;TAX-REG;TAX-DA"
BBVA;2022;ES;entidad_credito;2022-01-01;2023-03-01;1;1;0;0;NFRD;;"NFRD-DIR;NFRD-ES;TAX-REG;TAX-DA"
BBVA;2023;ES;entidad_credito;2023-01-01;2024-03-01;1;1;1;0;NFRD;;"NFRD-DIR;NFRD-ES;TAX-REG;TAX-DA"
BBVA;2024;ES;entidad_credito;2024-01-01;2025-03-01;1;1;1;0;NFRD;;"NFRD-DIR;NFRD-ES;TAX-REG;TAX-DA;CSRD-DIR;CSRD-ES;STC-DIR"
BMW GROUP;2018;DE;no_financiera;2018-01-01;2019-03-01;1;0;0;0;NFRD;;"NFRD-DIR;NFRD-DE"
BMW GROUP;2019;DE;no_financiera;2019-01-01;2020-03-01;1;0;0;0;NFRD;;"NFRD-DIR;NFRD-DE"
BMW GROUP;2020;DE;no_financiera;2020-01-01;2021-03-01;1;0;0;0;NFRD;;"NFRD-DIR;NFRD-DE"
BMW GROUP;2021;DE;no_financiera;2021-01-01;2022-03-01;1;1;0;0;NFRD;;"NFRD-DIR;NFRD-DE;TAX-REG;TAX-DA"
BMW GROUP;2022;DE;no_financiera;2022-01-01;2023-03-01;1;1;1;0;NFRD;;"NFRD-DIR;NFRD-DE;TAX-REG;TAX-DA"
BMW GROUP;2023;DE;no_financiera;2023-01-01;2024-03-01;1;1;1;0;NFRD;;"NFRD-DIR;NFRD-DE;TAX-REG;TAX-DA"
BMW GROUP;2024;DE;no_financiera;2024-01-01;2025-03-01;1;1;1;0;NFRD;;"NFRD-DIR;NFRD-DE;TAX-REG;TAX-DA;CSRD-DIR;CSRD-DE;STC-DIR"
BNP Paribas S.A;2018;FR;entidad_credito;2018-01-01;2019-03-01;1;0;0;0;NFRD;;"NFRD-DIR;NFRD-FR"
BNP Paribas S.A;2019;FR;entidad_credito;2019-01-01;2020-03-01;1;0;0;0;NFRD;;"NFRD-DIR;NFRD-FR"
BNP Paribas S.A;2020;FR;entidad_credito;2020-01-01;2021-03-01;1;0;0;0;NFRD;;"NFRD-DIR;NFRD-FR"
BNP Paribas S.A;2021;FR;entidad_credito;2021-01-01;2022-03-01;1;1;0;0;NFRD;;"NFRD-DIR;NFRD-FR;TAX-REG;TAX-DA"
BNP Paribas S.A;2022;FR;entidad_credito;2022-01-01;2023-03-01;1;1;0;0;NFRD;;"NFRD-DIR;NFRD-FR;TAX-REG;TAX-DA"
BNP Paribas S.A;2023;FR;entidad_credito;2023-01-01;2024-03-01;1;1;1;0;NFRD;;"NFRD-DIR;NFRD-FR;TAX-REG;TAX-DA"
BNP Paribas S.A;2024;FR;entidad_credito;2024-01-01;2025-03-01;0;1;1;1;CSRD-ESRS;;"TAX-REG;TAX-DA;CSRD-DIR;CSRD-FR;STC-DIR"
Banco Santander S.A;2018;ES;entidad_credito;2018-01-01;2019-03-01;1;0;0;0;NFRD;;"NFRD-DIR;NFRD-ES"
Banco Santander S.A;2019;ES;entidad_credito;2019-01-01;2020-03-01;1;0;0;0;NFRD;;"NFRD-DIR;NFRD-ES"
Banco Santander S.A;2020;ES;entidad_credito;2020-01-01;2021-03-01;1;0;0;0;NFRD;;"NFRD-DIR;NFRD-ES"
Banco Santander S.A;2021;ES;entidad_credito;2021-01-01;2022-03-01;1;1;0;0;NFRD;;"NFRD-DIR;NFRD-ES;TAX-REG;TAX-DA"
Banco Santander S.A;2022;ES;entidad_credito;2022-01-01;2023-03-01;1;1;0;0;NFRD;;"NFRD-DIR;NFRD-ES;TAX-REG;TAX-DA"
Banco Santander S.A;2023;ES;entidad_credito;2023-01-01;2024-03-01;1;1;1;0;NFRD;;"NFRD-DIR;NFRD-ES;TAX-REG;TAX-DA"
Banco Santander S.A;2024;ES;entidad_credito;2024-01-01;2025-03-01;1;1;1;0;NFRD;;"NFRD-DIR;NFRD-ES;TAX-REG;TAX-DA;CSRD-DIR;CSRD-ES;STC-DIR"
Compagnie de Saint-Gobain S.A;2018;FR;no_financiera;2018-01-01;2019-03-01;1;0;0;0;NFRD;;"NFRD-DIR;NFRD-FR"
Compagnie de Saint-Gobain S.A;2019;FR;no_financiera;2019-01-01;2020-03-01;1;0;0;0;NFRD;;"NFRD-DIR;NFRD-FR"
Compagnie de Saint-Gobain S.A;2020;FR;no_financiera;2020-01-01;2021-03-01;1;0;0;0;NFRD;;"NFRD-DIR;NFRD-FR"
Compagnie de Saint-Gobain S.A;2021;FR;no_financiera;2021-01-01;2022-03-01;1;1;0;0;NFRD;;"NFRD-DIR;NFRD-FR;TAX-REG;TAX-DA"
Compagnie de Saint-Gobain S.A;2022;FR;no_financiera;2022-01-01;2023-03-01;1;1;1;0;NFRD;;"NFRD-DIR;NFRD-FR;TAX-REG;TAX-DA"
Compagnie de Saint-Gobain S.A;2023;FR;no_financiera;2023-01-01;2024-03-01;1;1;1;0;NFRD;;"NFRD-DIR;NFRD-FR;TAX-REG;TAX-DA"
Compagnie de Saint-Gobain S.A;2024;FR;no_financiera;2024-01-01;2025-03-01;0;1;1;1;CSRD-ESRS;;"TAX-REG;TAX-DA;CSRD-DIR;CSRD-FR;STC-DIR"
DEUTSCHE BÖRSE;2018;DE;no_financiera;2018-01-01;2019-03-01;1;0;0;0;NFRD;;"NFRD-DIR;NFRD-DE"
DEUTSCHE BÖRSE;2019;DE;no_financiera;2019-01-01;2020-03-01;1;0;0;0;NFRD;;"NFRD-DIR;NFRD-DE"
DEUTSCHE BÖRSE;2020;DE;no_financiera;2020-01-01;2021-03-01;1;0;0;0;NFRD;;"NFRD-DIR;NFRD-DE"
DEUTSCHE BÖRSE;2021;DE;no_financiera;2021-01-01;2022-03-01;1;1;0;0;NFRD;;"NFRD-DIR;NFRD-DE;TAX-REG;TAX-DA"
DEUTSCHE BÖRSE;2022;DE;no_financiera;2022-01-01;2023-03-01;1;1;1;0;NFRD;;"NFRD-DIR;NFRD-DE;TAX-REG;TAX-DA"
DEUTSCHE BÖRSE;2023;DE;no_financiera;2023-01-01;2024-03-01;1;1;1;0;NFRD;;"NFRD-DIR;NFRD-DE;TAX-REG;TAX-DA"
DEUTSCHE BÖRSE;2024;DE;no_financiera;2024-01-01;2025-03-01;1;1;1;0;NFRD;;"NFRD-DIR;NFRD-DE;TAX-REG;TAX-DA;CSRD-DIR;CSRD-DE;STC-DIR"
Danone;2018;FR;no_financiera;2018-01-01;2019-03-01;1;0;0;0;NFRD;;"NFRD-DIR;NFRD-FR"
Danone;2019;FR;no_financiera;2019-01-01;2020-03-01;1;0;0;0;NFRD;;"NFRD-DIR;NFRD-FR"
Danone;2020;FR;no_financiera;2020-01-01;2021-03-01;1;0;0;0;NFRD;;"NFRD-DIR;NFRD-FR"
Danone;2021;FR;no_financiera;2021-01-01;2022-03-01;1;1;0;0;NFRD;;"NFRD-DIR;NFRD-FR;TAX-REG;TAX-DA"
Danone;2022;FR;no_financiera;2022-01-01;2023-03-01;1;1;1;0;NFRD;;"NFRD-DIR;NFRD-FR;TAX-REG;TAX-DA"
Danone;2023;FR;no_financiera;2023-01-01;2024-03-01;1;1;1;0;NFRD;;"NFRD-DIR;NFRD-FR;TAX-REG;TAX-DA"
Danone;2024;FR;no_financiera;2024-01-01;2025-03-01;0;1;1;1;CSRD-ESRS;;"TAX-REG;TAX-DA;CSRD-DIR;CSRD-FR;STC-DIR"
Deutsche Post AG (DHL);2018;DE;no_financiera;2018-01-01;2019-03-01;1;0;0;0;NFRD;;"NFRD-DIR;NFRD-DE"
Deutsche Post AG (DHL);2019;DE;no_financiera;2019-01-01;2020-03-01;1;0;0;0;NFRD;;"NFRD-DIR;NFRD-DE"
Deutsche Post AG (DHL);2020;DE;no_financiera;2020-01-01;2021-03-01;1;0;0;0;NFRD;;"NFRD-DIR;NFRD-DE"
Deutsche Post AG (DHL);2021;DE;no_financiera;2021-01-01;2022-03-01;1;1;0;0;NFRD;;"NFRD-DIR;NFRD-DE;TAX-REG;TAX-DA"
Deutsche Post AG (DHL);2022;DE;no_financiera;2022-01-01;2023-03-01;1;1;1;0;NFRD;;"NFRD-DIR;NFRD-DE;TAX-REG;TAX-DA"
Deutsche Post AG (DHL);2023;DE;no_financiera;2023-01-01;2024-03-01;1;1;1;0;NFRD;;"NFRD-DIR;NFRD-DE;TAX-REG;TAX-DA"
Deutsche Post AG (DHL);2024;DE;no_financiera;2024-01-01;2025-03-01;1;1;1;0;NFRD;;"NFRD-DIR;NFRD-DE;TAX-REG;TAX-DA;CSRD-DIR;CSRD-DE;STC-DIR"
Deutsche Telekom AG;2018;DE;no_financiera;2018-01-01;2019-03-01;1;0;0;0;NFRD;;"NFRD-DIR;NFRD-DE"
Deutsche Telekom AG;2019;DE;no_financiera;2019-01-01;2020-03-01;1;0;0;0;NFRD;;"NFRD-DIR;NFRD-DE"
Deutsche Telekom AG;2020;DE;no_financiera;2020-01-01;2021-03-01;1;0;0;0;NFRD;;"NFRD-DIR;NFRD-DE"
Deutsche Telekom AG;2021;DE;no_financiera;2021-01-01;2022-03-01;1;1;0;0;NFRD;;"NFRD-DIR;NFRD-DE;TAX-REG;TAX-DA"
Deutsche Telekom AG;2022;DE;no_financiera;2022-01-01;2023-03-01;1;1;1;0;NFRD;;"NFRD-DIR;NFRD-DE;TAX-REG;TAX-DA"
Deutsche Telekom AG;2023;DE;no_financiera;2023-01-01;2024-03-01;1;1;1;0;NFRD;;"NFRD-DIR;NFRD-DE;TAX-REG;TAX-DA"
Deutsche Telekom AG;2024;DE;no_financiera;2024-01-01;2025-03-01;1;1;1;0;NFRD;;"NFRD-DIR;NFRD-DE;TAX-REG;TAX-DA;CSRD-DIR;CSRD-DE;STC-DIR"
ENEL;2018;IT;no_financiera;2018-01-01;2019-03-01;1;0;0;0;NFRD;;"NFRD-DIR;NFRD-IT"
ENEL;2019;IT;no_financiera;2019-01-01;2020-03-01;1;0;0;0;NFRD;;"NFRD-DIR;NFRD-IT"
ENEL;2020;IT;no_financiera;2020-01-01;2021-03-01;1;0;0;0;NFRD;;"NFRD-DIR;NFRD-IT"
ENEL;2021;IT;no_financiera;2021-01-01;2022-03-01;1;1;0;0;NFRD;;"NFRD-DIR;NFRD-IT;TAX-REG;TAX-DA"
ENEL;2022;IT;no_financiera;2022-01-01;2023-03-01;1;1;1;0;NFRD;;"NFRD-DIR;NFRD-IT;TAX-REG;TAX-DA"
ENEL;2023;IT;no_financiera;2023-01-01;2024-03-01;1;1;1;0;NFRD;;"NFRD-DIR;NFRD-IT;TAX-REG;TAX-DA"
ENEL;2024;IT;no_financiera;2024-01-01;2025-03-01;0;1;1;1;CSRD-ESRS;;"TAX-REG;TAX-DA;CSRD-DIR;CSRD-IT;STC-DIR"
ENI SpA;2018;IT;no_financiera;2018-01-01;2019-03-01;1;0;0;0;NFRD;;"NFRD-DIR;NFRD-IT"
ENI SpA;2019;IT;no_financiera;2019-01-01;2020-03-01;1;0;0;0;NFRD;;"NFRD-DIR;NFRD-IT"
ENI SpA;2020;IT;no_financiera;2020-01-01;2021-03-01;1;0;0;0;NFRD;;"NFRD-DIR;NFRD-IT"
ENI SpA;2021;IT;no_financiera;2021-01-01;2022-03-01;1;1;0;0;NFRD;;"NFRD-DIR;NFRD-IT;TAX-REG;TAX-DA"
ENI SpA;2022;IT;no_financiera;2022-01-01;2023-03-01;1;1;1;0;NFRD;;"NFRD-DIR;NFRD-IT;TAX-REG;TAX-DA"
ENI SpA;2023;IT;no_financiera;2023-01-01;2024-03-01;1;1;1;0;NFRD;;"NFRD-DIR;NFRD-IT;TAX-REG;TAX-DA"
ENI SpA;2024;IT;no_financiera;2024-01-01;2025-03-01;0;1;1;1;CSRD-ESRS;;"TAX-REG;TAX-DA;CSRD-DIR;CSRD-IT;STC-DIR"
EssilorLuxottica;2018;FR;no_financiera;2018-01-01;2019-03-01;1;0;0;0;NFRD;;"NFRD-DIR;NFRD-FR"
EssilorLuxottica;2019;FR;no_financiera;2019-01-01;2020-03-01;1;0;0;0;NFRD;;"NFRD-DIR;NFRD-FR"
EssilorLuxottica;2020;FR;no_financiera;2020-01-01;2021-03-01;1;0;0;0;NFRD;;"NFRD-DIR;NFRD-FR"
EssilorLuxottica;2021;FR;no_financiera;2021-01-01;2022-03-01;1;1;0;0;NFRD;;"NFRD-DIR;NFRD-FR;TAX-REG;TAX-DA"
EssilorLuxottica;2022;FR;no_financiera;2022-01-01;2023-03-01;1;1;1;0;NFRD;;"NFRD-DIR;NFRD-FR;TAX-REG;TAX-DA"
EssilorLuxottica;2023;FR;no_financiera;2023-01-01;2024-03-01;1;1;1;0;NFRD;;"NFRD-DIR;NFRD-FR;TAX-REG;TAX-DA"
EssilorLuxottica;2024;FR;no_financiera;2024-01-01;2025-03-01;0;1;1;1;CSRD-ESRS;;"TAX-REG;TAX-DA;CSRD-DIR;CSRD-FR;STC-DIR"
FERRARI NV;2018;NL;no_financiera;2018-01-01;2019-03-01;1;0;0;0;NFRD;;"NFRD-DIR;NFRD-NL"
FERRARI NV;2019;NL;no_financiera;2019-01-01;2020-03-01;1;0;0;0;NFRD;;"NFRD-DIR;NFRD-NL"
FERRARI NV;2020;NL;no_financiera;2020-01-01;2021-03-01;1;0;0;0;NFRD;;"NFRD-DIR;NFRD-NL"
FERRARI NV;2021;NL;no_financiera;2021-01-01;2022-03-01;1;1;0;0;NFRD;;"NFRD-DIR;NFRD-NL;TAX-REG;TAX-DA"
FERRARI NV;2022;NL;no_financiera;2022-01-01;2023-03-01;1;1;1;0;NFRD;;"NFRD-DIR;NFRD-NL;TAX-REG;TAX-DA"
FERRARI NV;2023;NL;no_financiera;2023-01-01;2024-03-01;1;1;1;0;NFRD;;"NFRD-DIR;NFRD-NL;TAX-REG;TAX-DA"
FERRARI NV;2024;NL;no_financiera;2024-01-01;2025-03-01;1;1;1;0;NFRD;;"NFRD-DIR;NFRD-NL;TAX-REG;TAX-DA;CSRD-DIR;CSRD-NL;STC-DIR"
Grupo ING NV;2018;NL;entidad_credito;2018-01-01;2019-03-01;1;0;0;0;NFRD;;"NFRD-DIR;NFRD-NL"
Grupo ING NV;2019;NL;entidad_credito;2019-01-01;2020-03-01;1;0;0;0;NFRD;;"NFRD-DIR;NFRD-NL"
Grupo ING NV;2020;NL;entidad_credito;2020-01-01;2021-03-01;1;0;0;0;NFRD;;"NFRD-DIR;NFRD-NL"
Grupo ING NV;2021;NL;entidad_credito;2021-01-01;2022-03-01;1;1;0;0;NFRD;;"NFRD-DIR;NFRD-NL;TAX-REG;TAX-DA"
Grupo ING NV;2022;NL;entidad_credito;2022-01-01;2023-03-01;1;1;0;0;NFRD;;"NFRD-DIR;NFRD-NL;TAX-REG;TAX-DA"
Grupo ING NV;2023;NL;entidad_credito;2023-01-01;2024-03-01;1;1;1;0;NFRD;;"NFRD-DIR;NFRD-NL;TAX-REG;TAX-DA"
Grupo ING NV;2024;NL;entidad_credito;2024-01-01;2025-03-01;1;1;1;0;NFRD;;"NFRD-DIR;NFRD-NL;TAX-REG;TAX-DA;CSRD-DIR;CSRD-NL;STC-DIR"
Hermes International S.A;2018;FR;no_financiera;2018-01-01;2019-03-01;1;0;0;0;NFRD;;"NFRD-DIR;NFRD-FR"
Hermes International S.A;2019;FR;no_financiera;2019-01-01;2020-03-01;1;0;0;0;NFRD;;"NFRD-DIR;NFRD-FR"
Hermes International S.A;2020;FR;no_financiera;2020-01-01;2021-03-01;1;0;0;0;NFRD;;"NFRD-DIR;NFRD-FR"
Hermes International S.A;2021;FR;no_financiera;2021-01-01;2022-03-01;1;1;0;0;NFRD;;"NFRD-DIR;NFRD-FR;TAX-REG;TAX-DA"
Hermes International S.A;2022;FR;no_financiera;2022-01-01;2023-03-01;1;1;1;0;NFRD;;"NFRD-DIR;NFRD-FR;TAX-REG;TAX-DA"
Hermes International S.A;2023;FR;no_financiera;2023-01-01;2024-03-01;1;1;1;0;NFRD;;"NFRD-DIR;NFRD-FR;TAX-REG;TAX-DA"
Hermes International S.A;2024;FR;no_financiera;2024-01-01;2025-03-01;0;1;1;1;CSRD-ESRS;;"TAX-REG;TAX-DA;CSRD-DIR;CSRD-FR;STC-DIR"
IBERDROLA S.A;2018;ES;no_financiera;2018-01-01;2019-03-01;1;0;0;0;NFRD;;"NFRD-DIR;NFRD-ES"
IBERDROLA S.A;2019;ES;no_financiera;2019-01-01;2020-03-01;1;0;0;0;NFRD;;"NFRD-DIR;NFRD-ES"
IBERDROLA S.A;2020;ES;no_financiera;2020-01-01;2021-03-01;1;0;0;0;NFRD;;"NFRD-DIR;NFRD-ES"
IBERDROLA S.A;2021;ES;no_financiera;2021-01-01;2022-03-01;1;1;0;0;NFRD;;"NFRD-DIR;NFRD-ES;TAX-REG;TAX-DA"
IBERDROLA S.A;2022;ES;no_financiera;2022-01-01;2023-03-01;1;1;1;0;NFRD;;"NFRD-DIR;NFRD-ES;TAX-REG;TAX-DA"
IBERDROLA S.A;2023;ES;no_financiera;2023-01-01;2024-03-01;1;1;1;0;NFRD;;"NFRD-DIR;NFRD-ES;TAX-REG;TAX-DA"
IBERDROLA S.A;2024;ES;no_financiera;2024-01-01;2025-03-01;1;1;1;0;NFRD;;"NFRD-DIR;NFRD-ES;TAX-REG;TAX-DA;CSRD-DIR;CSRD-ES;STC-DIR"
Inditex;2018;ES;no_financiera;2018-02-01;2019-03-15;1;0;0;0;NFRD;;"NFRD-DIR;NFRD-ES"
Inditex;2019;ES;no_financiera;2019-02-01;2020-03-15;1;0;0;0;NFRD;;"NFRD-DIR;NFRD-ES"
Inditex;2020;ES;no_financiera;2020-02-01;2021-03-15;1;0;0;0;NFRD;;"NFRD-DIR;NFRD-ES"
Inditex;2021;ES;no_financiera;2021-02-01;2022-03-15;1;1;0;0;NFRD;;"NFRD-DIR;NFRD-ES;TAX-REG;TAX-DA"
Inditex;2022;ES;no_financiera;2022-02-01;2023-03-15;1;1;1;0;NFRD;;"NFRD-DIR;NFRD-ES;TAX-REG;TAX-DA"
Inditex;2023;ES;no_financiera;2023-02-01;2024-03-15;1;1;1;0;NFRD;;"NFRD-DIR;NFRD-ES;TAX-REG;TAX-DA"
Inditex;2024;ES;no_financiera;2024-02-01;2025-03-15;1;1;1;0;NFRD;;"NFRD-DIR;NFRD-ES;TAX-REG;TAX-DA;CSRD-DIR;CSRD-ES;STC-DIR"
Infineon Technologies AG;2018;DE;no_financiera;2017-10-01;2018-12-01;1;0;0;0;NFRD;;"NFRD-DIR;NFRD-DE"
Infineon Technologies AG;2019;DE;no_financiera;2018-10-01;2019-12-01;1;0;0;0;NFRD;;"NFRD-DIR;NFRD-DE"
Infineon Technologies AG;2020;DE;no_financiera;2019-10-01;2020-12-01;1;0;0;0;NFRD;;"NFRD-DIR;NFRD-DE"
Infineon Technologies AG;2021;DE;no_financiera;2020-10-01;2021-12-01;1;0;0;0;NFRD;;"NFRD-DIR;NFRD-DE"
Infineon Technologies AG;2022;DE;no_financiera;2021-10-01;2022-12-01;1;1;0;0;NFRD;;"NFRD-DIR;NFRD-DE;TAX-REG;TAX-DA"
Infineon Technologies AG;2023;DE;no_financiera;2022-10-01;2023-12-01;1;1;1;0;NFRD;;"NFRD-DIR;NFRD-DE;TAX-REG;TAX-DA"
Infineon Technologies AG;2024;DE;no_financiera;2023-10-01;2024-12-01;1;1;1;0;NFRD;;"NFRD-DIR;NFRD-DE;TAX-REG;TAX-DA;CSRD-DIR;CSRD-DE;STC-DIR"
Intesa Sanpaolo S.p.A;2018;IT;entidad_credito;2018-01-01;2019-03-01;1;0;0;0;NFRD;;"NFRD-DIR;NFRD-IT"
Intesa Sanpaolo S.p.A;2019;IT;entidad_credito;2019-01-01;2020-03-01;1;0;0;0;NFRD;;"NFRD-DIR;NFRD-IT"
Intesa Sanpaolo S.p.A;2020;IT;entidad_credito;2020-01-01;2021-03-01;1;0;0;0;NFRD;;"NFRD-DIR;NFRD-IT"
Intesa Sanpaolo S.p.A;2021;IT;entidad_credito;2021-01-01;2022-03-01;1;1;0;0;NFRD;;"NFRD-DIR;NFRD-IT;TAX-REG;TAX-DA"
Intesa Sanpaolo S.p.A;2022;IT;entidad_credito;2022-01-01;2023-03-01;1;1;0;0;NFRD;;"NFRD-DIR;NFRD-IT;TAX-REG;TAX-DA"
Intesa Sanpaolo S.p.A;2023;IT;entidad_credito;2023-01-01;2024-03-01;1;1;1;0;NFRD;;"NFRD-DIR;NFRD-IT;TAX-REG;TAX-DA"
Intesa Sanpaolo S.p.A;2024;IT;entidad_credito;2024-01-01;2025-03-01;0;1;1;1;CSRD-ESRS;;"TAX-REG;TAX-DA;CSRD-DIR;CSRD-IT;STC-DIR"
Kering S.A;2018;FR;no_financiera;2018-01-01;2019-03-01;1;0;0;0;NFRD;;"NFRD-DIR;NFRD-FR"
Kering S.A;2019;FR;no_financiera;2019-01-01;2020-03-01;1;0;0;0;NFRD;;"NFRD-DIR;NFRD-FR"
Kering S.A;2020;FR;no_financiera;2020-01-01;2021-03-01;1;0;0;0;NFRD;;"NFRD-DIR;NFRD-FR"
Kering S.A;2021;FR;no_financiera;2021-01-01;2022-03-01;1;1;0;0;NFRD;;"NFRD-DIR;NFRD-FR;TAX-REG;TAX-DA"
Kering S.A;2022;FR;no_financiera;2022-01-01;2023-03-01;1;1;1;0;NFRD;;"NFRD-DIR;NFRD-FR;TAX-REG;TAX-DA"
Kering S.A;2023;FR;no_financiera;2023-01-01;2024-03-01;1;1;1;0;NFRD;;"NFRD-DIR;NFRD-FR;TAX-REG;TAX-DA"
Kering S.A;2024;FR;no_financiera;2024-01-01;2025-03-01;0;1;1;1;CSRD-ESRS;;"TAX-REG;TAX-DA;CSRD-DIR;CSRD-FR;STC-DIR"
L'Oréal S.A;2018;FR;no_financiera;2018-01-01;2019-03-01;1;0;0;0;NFRD;;"NFRD-DIR;NFRD-FR"
L'Oréal S.A;2019;FR;no_financiera;2019-01-01;2020-03-01;1;0;0;0;NFRD;;"NFRD-DIR;NFRD-FR"
L'Oréal S.A;2020;FR;no_financiera;2020-01-01;2021-03-01;1;0;0;0;NFRD;;"NFRD-DIR;NFRD-FR"
L'Oréal S.A;2021;FR;no_financiera;2021-01-01;2022-03-01;1;1;0;0;NFRD;;"NFRD-DIR;NFRD-FR;TAX-REG;TAX-DA"
L'Oréal S.A;2022;FR;no_financiera;2022-01-01;2023-03-01;1;1;1;0;NFRD;;"NFRD-DIR;NFRD-FR;TAX-REG;TAX-DA"
L'Oréal S.A;2023;FR;no_financiera;2023-01-01;2024-03-01;1;1;1;0;NFRD;;"NFRD-DIR;NFRD-FR;TAX-REG;TAX-DA"
L'Oréal S.A;2024;FR;no_financiera;2024-01-01;2025-03-01;0;1;1;1;CSRD-ESRS;;"TAX-REG;TAX-DA;CSRD-DIR;CSRD-FR;STC-DIR"
LVMH SA;2018;FR;no_financiera;2018-01-01;2019-03-01;1;0;0;0;NFRD;;"NFRD-DIR;NFRD-FR"
LVMH SA;2019;FR;no_financiera;2019-01-01;2020-03-01;1;0;0;0;NFRD;;"NFRD-DIR;NFRD-FR"
LVMH SA;2020;FR;no_financiera;2020-01-01;2021-03-01;1;0;0;0;NFRD;;"NFRD-DIR;NFRD-FR"
LVMH SA;2021;FR;no_financiera;2021-01-01;2022-03-01;1;1;0;0;NFRD;;"NFRD-DIR;NFRD-FR;TAX-REG;TAX-DA"
LVMH SA;2022;FR;no_financiera;2022-01-01;2023-03-01;1;1;1;0;NFRD;;"NFRD-DIR;NFRD-FR;TAX-REG;TAX-DA"
LVMH SA;2023;FR;no_financiera;2023-01-01;2024-03-01;1;1;1;0;NFRD;;"NFRD-DIR;NFRD-FR;TAX-REG;TAX-DA"
LVMH SA;2024;FR;no_financiera;2024-01-01;2025-03-01;0;1;1;1;CSRD-ESRS;;"TAX-REG;TAX-DA;CSRD-DIR;CSRD-FR;STC-DIR"
Mercedes Benz Group AG (antiguo Daimler);2018;DE;no_financiera;2018-01-01;2019-03-01;1;0;0;0;NFRD;;"NFRD-DIR;NFRD-DE"
Mercedes Benz Group AG (antiguo Daimler);2019;DE;no_financiera;2019-01-01;2020-03-01;1;0;0;0;NFRD;;"NFRD-DIR;NFRD-DE"
Mercedes Benz Group AG (antiguo Daimler);2020;DE;no_financiera;2020-01-01;2021-03-01;1;0;0;0;NFRD;;"NFRD-DIR;NFRD-DE"
Mercedes Benz Group AG (antiguo Daimler);2021;DE;no_financiera;2021-01-01;2022-03-01;1;1;0;0;NFRD;;"NFRD-DIR;NFRD-DE;TAX-REG;TAX-DA"
Mercedes Benz Group AG (antiguo Daimler);2022;DE;no_financiera;2022-01-01;2023-03-01;1;1;1;0;NFRD;;"NFRD-DIR;NFRD-DE;TAX-REG;TAX-DA"
Mercedes Benz Group AG (antiguo Daimler);2023;DE;no_financiera;2023-01-01;2024-03-01;1;1;1;0;NFRD;;"NFRD-DIR;NFRD-DE;TAX-REG;TAX-DA"
Mercedes Benz Group AG (antiguo Daimler);2024;DE;no_financiera;2024-01-01;2025-03-01;1;1;1;0;NFRD;;"NFRD-DIR;NFRD-DE;TAX-REG;TAX-DA;CSRD-DIR;CSRD-DE;STC-DIR"
Múnich Re AG;2018;DE;aseguradora;2018-01-01;2019-03-01;1;0;0;0;NFRD;;"NFRD-DIR;NFRD-DE"
Múnich Re AG;2019;DE;aseguradora;2019-01-01;2020-03-01;1;0;0;0;NFRD;;"NFRD-DIR;NFRD-DE"
Múnich Re AG;2020;DE;aseguradora;2020-01-01;2021-03-01;1;0;0;0;NFRD;;"NFRD-DIR;NFRD-DE"
Múnich Re AG;2021;DE;aseguradora;2021-01-01;2022-03-01;1;1;0;0;NFRD;;"NFRD-DIR;NFRD-DE;TAX-REG;TAX-DA"
Múnich Re AG;2022;DE;aseguradora;2022-01-01;2023-03-01;1;1;0;0;NFRD;;"NFRD-DIR;NFRD-DE;TAX-REG;TAX-DA"
Múnich Re AG;2023;DE;aseguradora;2023-01-01;2024-03-01;1;1;1;0;NFRD;;"NFRD-DIR;NFRD-DE;TAX-REG;TAX-DA"
Múnich Re AG;2024;DE;aseguradora;2024-01-01;2025-03-01;1;1;1;0;NFRD;;"NFRD-DIR;NFRD-DE;TAX-REG;TAX-DA;CSRD-DIR;CSRD-DE;STC-DIR"
NOKIA;2018;FI;no_financiera;2018-01-01;2019-03-01;1;0;0;0;NFRD;;"NFRD-DIR;NFRD-FI"
NOKIA;2019;FI;no_financiera;2019-01-01;2020-03-01;1;0;0;0;NFRD;;"NFRD-DIR;NFRD-FI"
NOKIA;2020;FI;no_financiera;2020-01-01;2021-03-01;1;0;0;0;NFRD;;"NFRD-DIR;NFRD-FI"
NOKIA;2021;FI;no_financiera;2021-01-01;2022-03-01;1;1;0;0;NFRD;;"NFRD-DIR;NFRD-FI;TAX-REG;TAX-DA"
NOKIA;2022;FI;no_financiera;2022-01-01;2023-03-01;1;1;1;0;NFRD;;"NFRD-DIR;NFRD-FI;TAX-REG;TAX-DA"
NOKIA;2023;FI;no_financiera;2023-01-01;2024-03-01;1;1;1;0;NFRD;;"NFRD-DIR;NFRD-FI;TAX-REG;TAX-DA"
NOKIA;2024;FI;no_financiera;2024-01-01;2025-03-01;0;1;1;1;CSRD-ESRS;;"TAX-REG;TAX-DA;CSRD-DIR;CSRD-FI;STC-DIR"
NORDEA BANK;2018;FI;entidad_credito;2018-01-01;2019-03-01;1;0;0;0;NFRD;"redomiciliada en FI el 1-10-2018; ejercicio 2018 ya bajo ley finlandesa";"NFRD-DIR;NFRD-FI"
NORDEA BANK;2019;FI;entidad_credito;2019-01-01;2020-03-01;1;0;0;0;NFRD;;"NFRD-DIR;NFRD-FI"
NORDEA BANK;2020;FI;entidad_credito;2020-01-01;2021-03-01;1;0;0;0;NFRD;;"NFRD-DIR;NFRD-FI"
NORDEA BANK;2021;FI;entidad_credito;2021-01-01;2022-03-01;1;1;0;0;NFRD;;"NFRD-DIR;NFRD-FI;TAX-REG;TAX-DA"
NORDEA BANK;2022;FI;entidad_credito;2022-01-01;2023-03-01;1;1;0;0;NFRD;;"NFRD-DIR;NFRD-FI;TAX-REG;TAX-DA"
NORDEA BANK;2023;FI;entidad_credito;2023-01-01;2024-03-01;1;1;1;0;NFRD;;"NFRD-DIR;NFRD-FI;TAX-REG;TAX-DA"
NORDEA BANK;2024;FI;entidad_credito;2024-01-01;2025-03-01;0;1;1;1;CSRD-ESRS;;"TAX-REG;TAX-DA;CSRD-DIR;CSRD-FI;STC-DIR"
Pernod-Ricard S.A;2018;FR;no_financiera;2017-07-01;2018-09-01;1;0;0;0;NFRD;;"NFRD-DIR;NFRD-FR"
Pernod-Ricard S.A;2019;FR;no_financiera;2018-07-01;2019-09-01;1;0;0;0;NFRD;;"NFRD-DIR;NFRD-FR"
Pernod-Ricard S.A;2020;FR;no_financiera;2019-07-01;2020-09-01;1;0;0;0;NFRD;;"NFRD-DIR;NFRD-FR"
Pernod-Ricard S.A;2021;FR;no_financiera;2020-07-01;2021-09-01;1;0;0;0;NFRD;;"NFRD-DIR;NFRD-FR"
Pernod-Ricard S.A;2022;FR;no_financiera;2021-07-01;2022-09-01;1;1;0;0;NFRD;;"NFRD-DIR;NFRD-FR;TAX-REG;TAX-DA"
Pernod-Ricard S.A;2023;FR;no_financiera;2022-07-01;2023-09-01;1;1;1;0;NFRD;;"NFRD-DIR;NFRD-FR;TAX-REG;TAX-DA"
Pernod-Ricard S.A;2024;FR;no_financiera;2023-07-01;2024-09-18;1;1;1;0;NFRD;ejercicio jul-2023 a jun-2024 (URD 2023/24, publicado 18-09-2024);"TAX-REG;TAX-DA;CSRD-DIR;CSRD-FR;STC-DIR"
SAFRAN;2018;FR;no_financiera;2018-01-01;2019-03-01;1;0;0;0;NFRD;;"NFRD-DIR;NFRD-FR"
SAFRAN;2019;FR;no_financiera;2019-01-01;2020-03-01;1;0;0;0;NFRD;;"NFRD-DIR;NFRD-FR"
SAFRAN;2020;FR;no_financiera;2020-01-01;2021-03-01;1;0;0;0;NFRD;;"NFRD-DIR;NFRD-FR"
SAFRAN;2021;FR;no_financiera;2021-01-01;2022-03-01;1;1;0;0;NFRD;;"NFRD-DIR;NFRD-FR;TAX-REG;TAX-DA"
SAFRAN;2022;FR;no_financiera;2022-01-01;2023-03-01;1;1;1;0;NFRD;;"NFRD-DIR;NFRD-FR;TAX-REG;TAX-DA"
SAFRAN;2023;FR;no_financiera;2023-01-01;2024-03-01;1;1;1;0;NFRD;;"NFRD-DIR;NFRD-FR;TAX-REG;TAX-DA"
SAFRAN;2024;FR;no_financiera;2024-01-01;2025-03-01;0;1;1;1;CSRD-ESRS;;"TAX-REG;TAX-DA;CSRD-DIR;CSRD-FR;STC-DIR"
SANOFI-AVENTIS S.A;2018;FR;no_financiera;2018-01-01;2019-03-01;1;0;0;0;NFRD;;"NFRD-DIR;NFRD-FR"
SANOFI-AVENTIS S.A;2019;FR;no_financiera;2019-01-01;2020-03-01;1;0;0;0;NFRD;;"NFRD-DIR;NFRD-FR"
SANOFI-AVENTIS S.A;2020;FR;no_financiera;2020-01-01;2021-03-01;1;0;0;0;NFRD;;"NFRD-DIR;NFRD-FR"
SANOFI-AVENTIS S.A;2021;FR;no_financiera;2021-01-01;2022-03-01;1;1;0;0;NFRD;;"NFRD-DIR;NFRD-FR;TAX-REG;TAX-DA"
SANOFI-AVENTIS S.A;2022;FR;no_financiera;2022-01-01;2023-03-01;1;1;1;0;NFRD;;"NFRD-DIR;NFRD-FR;TAX-REG;TAX-DA"
SANOFI-AVENTIS S.A;2023;FR;no_financiera;2023-01-01;2024-03-01;1;1;1;0;NFRD;;"NFRD-DIR;NFRD-FR;TAX-REG;TAX-DA"
SANOFI-AVENTIS S.A;2024;FR;no_financiera;2024-01-01;2025-03-01;0;1;1;1;CSRD-ESRS;;"TAX-REG;TAX-DA;CSRD-DIR;CSRD-FR;STC-DIR"
SAP SE;2018;DE;no_financiera;2018-01-01;2019-03-01;1;0;0;0;NFRD;;"NFRD-DIR;NFRD-DE"
SAP SE;2019;DE;no_financiera;2019-01-01;2020-03-01;1;0;0;0;NFRD;;"NFRD-DIR;NFRD-DE"
SAP SE;2020;DE;no_financiera;2020-01-01;2021-03-01;1;0;0;0;NFRD;;"NFRD-DIR;NFRD-DE"
SAP SE;2021;DE;no_financiera;2021-01-01;2022-03-01;1;1;0;0;NFRD;;"NFRD-DIR;NFRD-DE;TAX-REG;TAX-DA"
SAP SE;2022;DE;no_financiera;2022-01-01;2023-03-01;1;1;1;0;NFRD;;"NFRD-DIR;NFRD-DE;TAX-REG;TAX-DA"
SAP SE;2023;DE;no_financiera;2023-01-01;2024-03-01;1;1;1;0;NFRD;;"NFRD-DIR;NFRD-DE;TAX-REG;TAX-DA"
SAP SE;2024;DE;no_financiera;2024-01-01;2025-03-01;1;1;1;0;NFRD;;"NFRD-DIR;NFRD-DE;TAX-REG;TAX-DA;CSRD-DIR;CSRD-DE;STC-DIR"
SCHNEIDER ELECTRIC;2018;FR;no_financiera;2018-01-01;2019-03-01;1;0;0;0;NFRD;;"NFRD-DIR;NFRD-FR"
SCHNEIDER ELECTRIC;2019;FR;no_financiera;2019-01-01;2020-03-01;1;0;0;0;NFRD;;"NFRD-DIR;NFRD-FR"
SCHNEIDER ELECTRIC;2020;FR;no_financiera;2020-01-01;2021-03-01;1;0;0;0;NFRD;;"NFRD-DIR;NFRD-FR"
SCHNEIDER ELECTRIC;2021;FR;no_financiera;2021-01-01;2022-03-01;1;1;0;0;NFRD;;"NFRD-DIR;NFRD-FR;TAX-REG;TAX-DA"
SCHNEIDER ELECTRIC;2022;FR;no_financiera;2022-01-01;2023-03-01;1;1;1;0;NFRD;;"NFRD-DIR;NFRD-FR;TAX-REG;TAX-DA"
SCHNEIDER ELECTRIC;2023;FR;no_financiera;2023-01-01;2024-03-01;1;1;1;0;NFRD;;"NFRD-DIR;NFRD-FR;TAX-REG;TAX-DA"
SCHNEIDER ELECTRIC;2024;FR;no_financiera;2024-01-01;2025-03-01;0;1;1;1;CSRD-ESRS;;"TAX-REG;TAX-DA;CSRD-DIR;CSRD-FR;STC-DIR"
STELLANTIS NV;2018;FR;no_financiera;2018-01-01;2019-03-01;1;0;0;0;NFRD;informe del predecesor (SA francesa): NFRD vía ley francesa (DPEF);"NFRD-DIR;NFRD-FR"
STELLANTIS NV;2019;FR;no_financiera;2019-01-01;2020-03-01;1;0;0;0;NFRD;informe del predecesor (SA francesa): NFRD vía ley francesa (DPEF);"NFRD-DIR;NFRD-FR"
STELLANTIS NV;2020;NL;no_financiera;2020-01-01;2021-03-01;1;0;0;0;NFRD;;"NFRD-DIR;NFRD-NL"
STELLANTIS NV;2021;NL;no_financiera;2021-01-01;2022-03-01;1;1;0;0;NFRD;;"NFRD-DIR;NFRD-NL;TAX-REG;TAX-DA"
STELLANTIS NV;2022;NL;no_financiera;2022-01-01;2023-03-01;1;1;1;0;NFRD;;"NFRD-DIR;NFRD-NL;TAX-REG;TAX-DA"
STELLANTIS NV;2023;NL;no_financiera;2023-01-01;2024-03-01;1;1;1;0;NFRD;;"NFRD-DIR;NFRD-NL;TAX-REG;TAX-DA"
STELLANTIS NV;2024;NL;no_financiera;2024-01-01;2025-03-01;1;1;1;0;NFRD;;"NFRD-DIR;NFRD-NL;TAX-REG;TAX-DA;CSRD-DIR;CSRD-NL;STC-DIR"
Siemens AG;2018;DE;no_financiera;2017-10-01;2018-12-01;1;0;0;0;NFRD;;"NFRD-DIR;NFRD-DE"
Siemens AG;2019;DE;no_financiera;2018-10-01;2019-12-01;1;0;0;0;NFRD;;"NFRD-DIR;NFRD-DE"
Siemens AG;2020;DE;no_financiera;2019-10-01;2020-12-01;1;0;0;0;NFRD;;"NFRD-DIR;NFRD-DE"
Siemens AG;2021;DE;no_financiera;2020-10-01;2021-12-01;1;0;0;0;NFRD;;"NFRD-DIR;NFRD-DE"
Siemens AG;2022;DE;no_financiera;2021-10-01;2022-12-01;1;1;0;0;NFRD;;"NFRD-DIR;NFRD-DE;TAX-REG;TAX-DA"
Siemens AG;2023;DE;no_financiera;2022-10-01;2023-12-01;1;1;1;0;NFRD;;"NFRD-DIR;NFRD-DE;TAX-REG;TAX-DA"
Siemens AG;2024;DE;no_financiera;2023-10-01;2024-12-01;1;1;1;0;NFRD;;"NFRD-DIR;NFRD-DE;TAX-REG;TAX-DA;CSRD-DIR;CSRD-DE;STC-DIR"
TOTAL S.A;2018;FR;no_financiera;2018-01-01;2019-03-01;1;0;0;0;NFRD;;"NFRD-DIR;NFRD-FR"
TOTAL S.A;2019;FR;no_financiera;2019-01-01;2020-03-01;1;0;0;0;NFRD;;"NFRD-DIR;NFRD-FR"
TOTAL S.A;2020;FR;no_financiera;2020-01-01;2021-03-01;1;0;0;0;NFRD;;"NFRD-DIR;NFRD-FR"
TOTAL S.A;2021;FR;no_financiera;2021-01-01;2022-03-01;1;1;0;0;NFRD;;"NFRD-DIR;NFRD-FR;TAX-REG;TAX-DA"
TOTAL S.A;2022;FR;no_financiera;2022-01-01;2023-03-01;1;1;1;0;NFRD;;"NFRD-DIR;NFRD-FR;TAX-REG;TAX-DA"
TOTAL S.A;2023;FR;no_financiera;2023-01-01;2024-03-01;1;1;1;0;NFRD;;"NFRD-DIR;NFRD-FR;TAX-REG;TAX-DA"
TOTAL S.A;2024;FR;no_financiera;2024-01-01;2025-03-01;0;1;1;1;CSRD-ESRS;;"TAX-REG;TAX-DA;CSRD-DIR;CSRD-FR;STC-DIR"
Unicredit SpA o Unicredit Group;2018;IT;entidad_credito;2018-01-01;2019-03-01;1;0;0;0;NFRD;;"NFRD-DIR;NFRD-IT"
Unicredit SpA o Unicredit Group;2019;IT;entidad_credito;2019-01-01;2020-03-01;1;0;0;0;NFRD;;"NFRD-DIR;NFRD-IT"
Unicredit SpA o Unicredit Group;2020;IT;entidad_credito;2020-01-01;2021-03-01;1;0;0;0;NFRD;;"NFRD-DIR;NFRD-IT"
Unicredit SpA o Unicredit Group;2021;IT;entidad_credito;2021-01-01;2022-03-01;1;1;0;0;NFRD;;"NFRD-DIR;NFRD-IT;TAX-REG;TAX-DA"
Unicredit SpA o Unicredit Group;2022;IT;entidad_credito;2022-01-01;2023-03-01;1;1;0;0;NFRD;;"NFRD-DIR;NFRD-IT;TAX-REG;TAX-DA"
Unicredit SpA o Unicredit Group;2023;IT;entidad_credito;2023-01-01;2024-03-01;1;1;1;0;NFRD;;"NFRD-DIR;NFRD-IT;TAX-REG;TAX-DA"
Unicredit SpA o Unicredit Group;2024;IT;entidad_credito;2024-01-01;2025-03-01;0;1;1;1;CSRD-ESRS;;"TAX-REG;TAX-DA;CSRD-DIR;CSRD-IT;STC-DIR"
VINCI S.A;2018;FR;no_financiera;2018-01-01;2019-03-01;1;0;0;0;NFRD;;"NFRD-DIR;NFRD-FR"
VINCI S.A;2019;FR;no_financiera;2019-01-01;2020-03-01;1;0;0;0;NFRD;;"NFRD-DIR;NFRD-FR"
VINCI S.A;2020;FR;no_financiera;2020-01-01;2021-03-01;1;0;0;0;NFRD;;"NFRD-DIR;NFRD-FR"
VINCI S.A;2021;FR;no_financiera;2021-01-01;2022-03-01;1;1;0;0;NFRD;;"NFRD-DIR;NFRD-FR;TAX-REG;TAX-DA"
VINCI S.A;2022;FR;no_financiera;2022-01-01;2023-03-01;1;1;1;0;NFRD;;"NFRD-DIR;NFRD-FR;TAX-REG;TAX-DA"
VINCI S.A;2023;FR;no_financiera;2023-01-01;2024-03-01;1;1;1;0;NFRD;;"NFRD-DIR;NFRD-FR;TAX-REG;TAX-DA"
VINCI S.A;2024;FR;no_financiera;2024-01-01;2025-03-01;0;1;1;1;CSRD-ESRS;;"TAX-REG;TAX-DA;CSRD-DIR;CSRD-FR;STC-DIR"
Volkswagen AG Vz;2018;DE;no_financiera;2018-01-01;2019-03-01;1;0;0;0;NFRD;;"NFRD-DIR;NFRD-DE"
Volkswagen AG Vz;2019;DE;no_financiera;2019-01-01;2020-03-01;1;0;0;0;NFRD;;"NFRD-DIR;NFRD-DE"
Volkswagen AG Vz;2020;DE;no_financiera;2020-01-01;2021-03-01;1;0;0;0;NFRD;;"NFRD-DIR;NFRD-DE"
Volkswagen AG Vz;2021;DE;no_financiera;2021-01-01;2022-03-01;1;1;0;0;NFRD;;"NFRD-DIR;NFRD-DE;TAX-REG;TAX-DA"
Volkswagen AG Vz;2022;DE;no_financiera;2022-01-01;2023-03-01;1;1;1;0;NFRD;;"NFRD-DIR;NFRD-DE;TAX-REG;TAX-DA"
Volkswagen AG Vz;2023;DE;no_financiera;2023-01-01;2024-03-01;1;1;1;0;NFRD;;"NFRD-DIR;NFRD-DE;TAX-REG;TAX-DA"
Volkswagen AG Vz;2024;DE;no_financiera;2024-01-01;2025-03-01;1;1;1;0;NFRD;;"NFRD-DIR;NFRD-DE;TAX-REG;TAX-DA;CSRD-DIR;CSRD-DE;STC-DIR"
Wolters Kluwer NV;2018;NL;no_financiera;2018-01-01;2019-03-01;1;0;0;0;NFRD;;"NFRD-DIR;NFRD-NL"
Wolters Kluwer NV;2019;NL;no_financiera;2019-01-01;2020-03-01;1;0;0;0;NFRD;;"NFRD-DIR;NFRD-NL"
Wolters Kluwer NV;2020;NL;no_financiera;2020-01-01;2021-03-01;1;0;0;0;NFRD;;"NFRD-DIR;NFRD-NL"
Wolters Kluwer NV;2021;NL;no_financiera;2021-01-01;2022-03-01;1;1;0;0;NFRD;;"NFRD-DIR;NFRD-NL;TAX-REG;TAX-DA"
Wolters Kluwer NV;2022;NL;no_financiera;2022-01-01;2023-03-01;1;1;1;0;NFRD;;"NFRD-DIR;NFRD-NL;TAX-REG;TAX-DA"
Wolters Kluwer NV;2023;NL;no_financiera;2023-01-01;2024-03-01;1;1;1;0;NFRD;;"NFRD-DIR;NFRD-NL;TAX-REG;TAX-DA"
Wolters Kluwer NV;2024;NL;no_financiera;2024-01-01;2025-03-01;1;1;1;0;NFRD;;"NFRD-DIR;NFRD-NL;TAX-REG;TAX-DA;CSRD-DIR;CSRD-NL;STC-DIR"
adidas;2018;DE;no_financiera;2018-01-01;2019-03-01;1;0;0;0;NFRD;;"NFRD-DIR;NFRD-DE"
adidas;2019;DE;no_financiera;2019-01-01;2020-03-01;1;0;0;0;NFRD;;"NFRD-DIR;NFRD-DE"
adidas;2020;DE;no_financiera;2020-01-01;2021-03-01;1;0;0;0;NFRD;;"NFRD-DIR;NFRD-DE"
adidas;2021;DE;no_financiera;2021-01-01;2022-03-01;1;1;0;0;NFRD;;"NFRD-DIR;NFRD-DE;TAX-REG;TAX-DA"
adidas;2022;DE;no_financiera;2022-01-01;2023-03-01;1;1;1;0;NFRD;;"NFRD-DIR;NFRD-DE;TAX-REG;TAX-DA"
adidas;2023;DE;no_financiera;2023-01-01;2024-03-01;1;1;1;0;NFRD;;"NFRD-DIR;NFRD-DE;TAX-REG;TAX-DA"
adidas;2024;DE;no_financiera;2024-01-01;2025-03-01;1;1;1;0;NFRD;;"NFRD-DIR;NFRD-DE;TAX-REG;TAX-DA;CSRD-DIR;CSRD-DE;STC-DIR"
