cb;score;view;method;r;ci_lo;ci_hi;n;block
sent_net;Z_SEN;pooled;pearson;0.5827124494762241;0.41455387797777293;0.7178759749667009;342;paper_scores
sent_net;Z_SUS;pooled;pearson;-0.08958949823228636;-0.344244735636765;0.16163547930266559;342;paper_scores
sent_net;Z_QUANT;pooled;pearson;0.08826079318773276;-0.136202063915725;0.3266452474458734;342;paper_scores
sent_net;Z_HEDGE;pooled;pearson;-0.26384357953020354;-0.47722006786249344;-0.05803345068542162;342;paper_scores
sent_net;ESGSI;pooled;pearson;0.5279557007274731;0.34383624484345493;0.6801257095191929;342;paper_scores
sent_net;ESGSI_ext;pooled;pearson;0.3241948486254603;0.08719770489144947;0.5535496144240706;342;paper_scores
spec_share;Z_SEN;pooled;pearson;0.10407248087415726;-0.11048326969780933;0.32301639939235766;342;paper_scores
spec_share;Z_SUS;pooled;pearson;-0.11976209806398773;-0.31168067210900735;0.06313582320448317;342;paper_scores
spec_share;Z_QUANT;pooled;pearson;0.21604088479277767;0.027571973326008057;0.3588479948571127;342;paper_scores
spec_share;Z_HEDGE;pooled;pearson;-0.08212621114265906;-0.3060861400431775;0.1330516435966372;342;paper_scores
spec_share;ESGSI;pooled;pearson;0.1759817358517368;-0.019790696038965203;0.3751566243273542;342;paper_scores
spec_share;ESGSI_ext;pooled;pearson;0.04897995654497352;-0.15635308824654093;0.2887474655229134;342;paper_scores
clim_share;Z_SEN;pooled;pearson;0.05002713254142804;-0.24394413934135603;0.3456379059785442;342;paper_scores
clim_share;Z_SUS;pooled;pearson;0.6399566186186484;0.5161612232898655;0.7500883786815957;342;paper_scores
clim_share;Z_QUANT;pooled;pearson;0.45926348673107115;0.2510255378640258;0.5868896410063879;342;paper_scores
clim_share;Z_HEDGE;pooled;pearson;-0.2783561455466832;-0.44744482895033166;-0.08716291824491805;342;paper_scores
clim_share;ESGSI;pooled;pearson;-0.464567519068134;-0.6214795124642117;-0.2826219831476861;342;paper_scores
clim_share;ESGSI_ext;pooled;pearson;-0.6256260984248084;-0.7244247802601981;-0.4884507400104982;342;paper_scores
CTI;Z_SEN;pooled;pearson;0.01252435071109101;-0.20240607217927226;0.22397657867668377;342;paper_scores
CTI;Z_SUS;pooled;pearson;0.07902623665151143;-0.1259352928294749;0.2946569222643802;342;paper_scores
CTI;Z_QUANT;pooled;pearson;-0.2085965275166617;-0.3807074104340832;0.03851304116242423;342;paper_scores
CTI;Z_HEDGE;pooled;pearson;0.07877501179687807;-0.13126932719084441;0.27346468576828936;342;paper_scores
CTI;ESGSI;pooled;pearson;-0.052376113708549575;-0.25512416313352526;0.13968799528871556;342;paper_scores
CTI;ESGSI_ext;pooled;pearson;0.05011674190415236;-0.21302809041686782;0.2705526806106021;342;paper_scores
CTI_prob;Z_SEN;pooled;pearson;0.017699701234842026;-0.19751337222606133;0.23058224359131324;342;paper_scores
CTI_prob;Z_SUS;pooled;pearson;0.06241880967611618;-0.13161488051375878;0.2739104046261546;342;paper_scores
CTI_prob;Z_QUANT;pooled;pearson;-0.24519893177546495;-0.40780452422698366;0.0004217866504571592;342;paper_scores
CTI_prob;Z_HEDGE;pooled;pearson;0.053098809380346716;-0.15645584779977545;0.260337496385525;342;paper_scores
CTI_prob;ESGSI;pooled;pearson;-0.03523969597495971;-0.24459567524114545;0.16272042719135058;342;paper_scores
CTI_prob;ESGSI_ext;pooled;pearson;0.06800184728202104;-0.19505550362090582;0.27776662052607776;342;paper_scores
commit_share;Z_SEN;pooled;pearson;0.40668204523337964;0.2060212375107723;0.5701062755358602;342;paper_scores
commit_share;Z_SUS;pooled;pearson;-0.193161431602457;-0.41161389747293214;0.020653287948929476;342;paper_scores
commit_share;Z_QUANT;pooled;pearson;-0.04454750373186941;-0.24601002723801693;0.2307912367830239;342;paper_scores
commit_share;Z_HEDGE;pooled;pearson;-0.2208808103189134;-0.4315756397132154;0.011043157847374294;342;paper_scores
commit_share;ESGSI;pooled;pearson;0.4713223743278394;0.21444921072246717;0.6704512171294398;342;paper_scores
commit_share;ESGSI_ext;pooled;pearson;0.33444469464769183;0.06669687666818311;0.5618092911685248;342;paper_scores
sent_net;Z_SEN;pooled;spearman;0.5844980145514959;0.41591746477363617;0.720465125772948;342;paper_scores
sent_net;Z_SUS;pooled;spearman;-0.06035591881698537;-0.2800268384785101;0.14134825517881303;342;paper_scores
sent_net;Z_QUANT;pooled;spearman;0.17542300489663898;-0.062233415830076404;0.38546828681552237;342;paper_scores
sent_net;Z_HEDGE;pooled;spearman;-0.3500331601616368;-0.5278569556818459;-0.14775899819357804;342;paper_scores
sent_net;ESGSI;pooled;spearman;0.4823078182460302;0.3045548642839397;0.6431523499240609;342;paper_scores
sent_net;ESGSI_ext;pooled;spearman;0.26637089633102307;0.05788282972363108;0.48105945657756893;342;paper_scores
spec_share;Z_SEN;pooled;spearman;0.15291714105787774;-0.06308792773405869;0.3700472349506502;342;paper_scores
spec_share;Z_SUS;pooled;spearman;-0.10898482161648874;-0.28753415949112276;0.0625396094300477;342;paper_scores
spec_share;Z_QUANT;pooled;spearman;0.2037886676261824;0.005412041272422429;0.3882383423761512;342;paper_scores
spec_share;Z_HEDGE;pooled;spearman;-0.19438005694581437;-0.4061311148481806;0.027524304490357157;342;paper_scores
spec_share;ESGSI;pooled;spearman;0.17760819993467147;-0.023511630386183723;0.3803219606805402;342;paper_scores
spec_share;ESGSI_ext;pooled;spearman;0.06608329546584543;-0.15472792282307038;0.2930174274847921;342;paper_scores
clim_share;Z_SEN;pooled;spearman;0.025761800504631907;-0.2031418775659886;0.24420614134359753;342;paper_scores
clim_share;Z_SUS;pooled;spearman;0.6522061521784425;0.5226214162308447;0.7605813523229618;342;paper_scores
clim_share;Z_QUANT;pooled;spearman;0.39464472940156503;0.2058025774735511;0.55921764544459;342;paper_scores
clim_share;Z_HEDGE;pooled;spearman;-0.3145037405369124;-0.4785513311555152;-0.13137328896487488;342;paper_scores
clim_share;ESGSI;pooled;spearman;-0.46270911454148056;-0.6162867253512854;-0.295311937455416;342;paper_scores
clim_share;ESGSI_ext;pooled;spearman;-0.6452296831978409;-0.756349400177796;-0.5227555628252429;342;paper_scores
CTI;Z_SEN;pooled;spearman;-0.030164449774327966;-0.2618067449765552;0.1807532234655611;342;paper_scores
CTI;Z_SUS;pooled;spearman;0.06208456717756017;-0.12446172630481117;0.24880861284222539;342;paper_scores
CTI;Z_QUANT;pooled;spearman;-0.15855904179332478;-0.36360074867500747;0.06160334418236609;342;paper_scores
CTI;Z_HEDGE;pooled;spearman;0.1487512378464625;-0.07553345739449843;0.35339920020209253;342;paper_scores
CTI;ESGSI;pooled;spearman;-0.05959043277322763;-0.2667845758947791;0.1449966347280824;342;paper_scores
CTI;ESGSI_ext;pooled;spearman;0.01916619880439804;-0.2026709884260751;0.2315707255500631;342;paper_scores
CTI_prob;Z_SEN;pooled;spearman;-0.02480903006156093;-0.2537453444896767;0.19545350378846016;342;paper_scores
CTI_prob;Z_SUS;pooled;spearman;0.07942307741344504;-0.10113821666202663;0.25640116748460273;342;paper_scores
CTI_prob;Z_QUANT;pooled;spearman;-0.16921336866114767;-0.3771477404974011;0.05639866039852831;342;paper_scores
CTI_prob;Z_HEDGE;pooled;spearman;0.1368396453459341;-0.08408010232800546;0.33781083082610575;342;paper_scores
CTI_prob;ESGSI;pooled;spearman;-0.07401155951102245;-0.2867377434326352;0.1358624808074054;342;paper_scores
CTI_prob;ESGSI_ext;pooled;spearman;-0.0012404584446421185;-0.2286232118804584;0.21637180351374474;342;paper_scores
commit_share;Z_SEN;pooled;spearman;0.37776040656950116;0.17218887664172128;0.5490732895767614;342;paper_scores
commit_share;Z_SUS;pooled;spearman;-0.19675713102209375;-0.40209451580581806;0.01375651879939198;342;paper_scores
commit_share;Z_QUANT;pooled;spearman;0.073137315519822;-0.12237537603016463;0.2644032172510614;342;paper_scores
commit_share;Z_HEDGE;pooled;spearman;-0.26867077351455193;-0.46256235616663083;-0.0504504245721205;342;paper_scores
commit_share;ESGSI;pooled;spearman;0.44099400264527316;0.24300875226866742;0.6010436118337653;342;paper_scores
commit_share;ESGSI_ext;pooled;spearman;0.29821838449736293;0.07725906223131142;0.4943945493449554;342;paper_scores
sent_net;Z_SEN;within;pearson;0.5075856144146933;0.2968459223962224;0.6873875933989362;342;paper_scores
sent_net;Z_SUS;within;pearson;-0.290298360374671;-0.42578771197892684;-0.15638134437271806;342;paper_scores
sent_net;Z_QUANT;within;pearson;0.01946740225104138;-0.15725301715793122;0.1558897551308109;342;paper_scores
sent_net;Z_HEDGE;within;pearson;-0.18903813230586067;-0.3808739456719504;0.017916820445592032;342;paper_scores
sent_net;ESGSI;within;pearson;0.5756210759731909;0.4153908286336938;0.7006071776375865;342;paper_scores
sent_net;ESGSI_ext;within;pearson;0.4275093055654585;0.24679564457214162;0.595857128236329;342;paper_scores
spec_share;Z_SEN;within;pearson;0.11402564708187968;-0.13134169179600685;0.3670261157949033;342;paper_scores
spec_share;Z_SUS;within;pearson;-0.3529221203451925;-0.4943777218257754;-0.19577902906223058;342;paper_scores
spec_share;Z_QUANT;within;pearson;0.1280948768784625;0.020524327208191806;0.28835023898045326;342;paper_scores
spec_share;Z_HEDGE;within;pearson;-0.022172417587992016;-0.22636586395626432;0.1847079024914347;342;paper_scores
spec_share;ESGSI;within;pearson;0.3620099167761739;0.20303368982988457;0.5078394558234054;342;paper_scores
spec_share;ESGSI_ext;within;pearson;0.2612897132237376;0.11269853233757102;0.41147339369133595;342;paper_scores
clim_share;Z_SEN;within;pearson;0.16345299221621895;-0.039673162765804695;0.32567583943952993;342;paper_scores
clim_share;Z_SUS;within;pearson;0.772793049959914;0.6987486467263379;0.8517074033362895;342;paper_scores
clim_share;Z_QUANT;within;pearson;0.19485310785350843;0.05247238322555642;0.4106816837262068;342;paper_scores
clim_share;Z_HEDGE;within;pearson;-0.28605295371092043;-0.4450858969260629;-0.10951933014265652;342;paper_scores
clim_share;ESGSI;within;pearson;-0.5153053581820123;-0.6734267396318793;-0.32878773655877686;342;paper_scores
clim_share;ESGSI_ext;within;pearson;-0.5833780065621675;-0.7325937388010071;-0.42111595284074554;342;paper_scores
CTI;Z_SEN;within;pearson;0.04121008093571207;-0.18100268759235472;0.26755394512558456;342;paper_scores
CTI;Z_SUS;within;pearson;0.19705449613012557;0.004611111561657896;0.3710971937543945;342;paper_scores
CTI;Z_QUANT;within;pearson;-0.14702032047143115;-0.2663990704239104;-0.041122404641071184;342;paper_scores
CTI;Z_HEDGE;within;pearson;0.025263683152899227;-0.1521344007816226;0.2032647739474853;342;paper_scores
CTI;ESGSI;within;pearson;-0.13170351453769918;-0.26039018869448183;-0.006399630339227114;342;paper_scores
CTI;ESGSI_ext;within;pearson;-0.05866007581417431;-0.2084346212907571;0.07808724570025492;342;paper_scores
CTI_prob;Z_SEN;within;pearson;0.03505012917691248;-0.17253524419345753;0.24534637094830883;342;paper_scores
CTI_prob;Z_SUS;within;pearson;0.22511892739424944;0.044749676669622;0.38929919670958996;342;paper_scores
CTI_prob;Z_QUANT;within;pearson;-0.11802859682507258;-0.2536419943585825;-0.014645608766289763;342;paper_scores
CTI_prob;Z_HEDGE;within;pearson;0.002313725227433112;-0.18272847892179703;0.18737928077508614;342;paper_scores
CTI_prob;ESGSI;within;pearson;-0.1585404168698446;-0.28303107445160314;-0.03478862334272389;342;paper_scores
CTI_prob;ESGSI_ext;within;pearson;-0.09729681276543549;-0.23781051353870997;0.04416962862322863;342;paper_scores
commit_share;Z_SEN;within;pearson;0.4136721602282079;0.20147771143977344;0.5791437726543658;342;paper_scores
commit_share;Z_SUS;within;pearson;-0.42671958385668246;-0.560759422317991;-0.2830558259010177;342;paper_scores
commit_share;Z_QUANT;within;pearson;-0.08930686197828965;-0.19072578811556562;0.06389171646366837;342;paper_scores
commit_share;Z_HEDGE;within;pearson;-0.016522843672551926;-0.23891622282872194;0.18219440804688194;342;paper_scores
commit_share;ESGSI;within;pearson;0.6229123031761818;0.48477373338152824;0.7313210480492583;342;paper_scores
commit_share;ESGSI_ext;within;pearson;0.5525920981864146;0.42949273122518616;0.6582733034332452;342;paper_scores
sent_net;Z_SEN;within;spearman;0.4606073851070463;0.30405985469904556;0.6039481694536889;342;paper_scores
sent_net;Z_SUS;within;spearman;-0.28992989385907164;-0.42942856798836204;-0.13936029498355645;342;paper_scores
sent_net;Z_QUANT;within;spearman;0.01226343825506062;-0.1617644260996874;0.18480390032271052;342;paper_scores
sent_net;Z_HEDGE;within;spearman;-0.17638431466781143;-0.34530456392042025;0.0011011770680291676;342;paper_scores
sent_net;ESGSI;within;spearman;0.5029200267411001;0.347053745583341;0.62864775456864;342;paper_scores
sent_net;ESGSI_ext;within;spearman;0.3944805757286267;0.2410396337636996;0.5343569050468567;342;paper_scores
spec_share;Z_SEN;within;spearman;0.17043524041944594;0.016705447085604185;0.32414778861101495;342;paper_scores
spec_share;Z_SUS;within;spearman;-0.2489644910172148;-0.4074708102229658;-0.07766142954225652;342;paper_scores
spec_share;Z_QUANT;within;spearman;0.25446572539819917;0.10604433163159943;0.3872140168391935;342;paper_scores
spec_share;Z_HEDGE;within;spearman;-0.10199402555059242;-0.2522871001547005;0.06015955200094624;342;paper_scores
spec_share;ESGSI;within;spearman;0.2701149808895174;0.1167982992721775;0.40729387865878885;342;paper_scores
spec_share;ESGSI_ext;within;spearman;0.16874388442408092;0.011248512730473682;0.32264277457381557;342;paper_scores
clim_share;Z_SEN;within;spearman;0.13043427066936264;-0.06105360142952936;0.3004412387985714;342;paper_scores
clim_share;Z_SUS;within;spearman;0.8239209250608717;0.7609434410717032;0.8808908467900181;342;paper_scores
clim_share;Z_QUANT;within;spearman;0.3052450013990789;0.11321482611693014;0.4622210014163584;342;paper_scores
clim_share;Z_HEDGE;within;spearman;-0.2633240891444003;-0.4176873806171191;-0.09881858480142319;342;paper_scores
clim_share;ESGSI;within;spearman;-0.5583395618737429;-0.6876419731890782;-0.42006209399689537;342;paper_scores
clim_share;ESGSI_ext;within;spearman;-0.6863845531597862;-0.7732608083075939;-0.5854354052034739;342;paper_scores
CTI;Z_SEN;within;spearman;-0.08502571439242597;-0.23447518458583907;0.05950801330674177;342;paper_scores
CTI;Z_SUS;within;spearman;0.08819705201353868;-0.08730337387049976;0.26036313325558574;342;paper_scores
CTI;Z_QUANT;within;spearman;-0.25523433793483274;-0.3853740610502174;-0.11601810248168881;342;paper_scores
CTI;Z_HEDGE;within;spearman;0.03960317626383438;-0.1101755595209177;0.1820885765573201;342;paper_scores
CTI;ESGSI;within;spearman;-0.08817365279565753;-0.23163481228270447;0.058303968051174784;342;paper_scores
CTI;ESGSI_ext;within;spearman;-0.0295259130963555;-0.1917835015514614;0.13102657624368694;342;paper_scores
CTI_prob;Z_SEN;within;spearman;-0.08094058241994548;-0.22758847758052986;0.056676226924681744;342;paper_scores
CTI_prob;Z_SUS;within;spearman;0.127389063358018;-0.0388661112457645;0.2841252534653864;342;paper_scores
CTI_prob;Z_QUANT;within;spearman;-0.221578260509904;-0.35571164360272045;-0.08502132001805446;342;paper_scores
CTI_prob;Z_HEDGE;within;spearman;0.02901667358893373;-0.13088994254543368;0.1832541322658581;342;paper_scores
CTI_prob;ESGSI;within;spearman;-0.11537716755831166;-0.25309341779421024;0.030069065647376655;342;paper_scores
CTI_prob;ESGSI_ext;within;spearman;-0.07073416979518639;-0.22670504852272583;0.09009757573328478;342;paper_scores
commit_share;Z_SEN;within;spearman;0.34867189564188916;0.18907587310797286;0.49112876914454306;342;paper_scores
commit_share;Z_SUS;within;spearman;-0.40252366545721174;-0.5255041362523586;-0.261328406238812;342;paper_scores
commit_share;Z_QUANT;within;spearman;-0.04955639357754481;-0.19500856746045653;0.10393557298054643;342;paper_scores
commit_share;Z_HEDGE;within;spearman;-0.06240330948913282;-0.24403253265414776;0.11913311466332187;342;paper_scores
commit_share;ESGSI;within;spearman;0.5396751708817815;0.38961806133623716;0.6592150407192741;342;paper_scores
commit_share;ESGSI_ext;within;spearman;0.4818639575574273;0.3361646144322172;0.6006554102934687;342;paper_scores
sent_net;Z_SEN;between;pearson;0.6168998467773759;0.42319941804783856;0.7668917131706773;49;paper_scores
sent_net;Z_SUS;between;pearson;0.03357589536962012;-0.3456344316965031;0.41945848001587965;49;paper_scores
sent_net;Z_QUANT;between;pearson;0.12028122500391097;-0.19569975525356437;0.49330962158473485;49;paper_scores
sent_net;Z_HEDGE;between;pearson;-0.29665294148959953;-0.619808267360194;0.0205177016262899;49;paper_scores
sent_net;ESGSI;between;pearson;0.5011050100363276;0.23214277589200083;0.7124075397198282;49;paper_scores
sent_net;ESGSI_ext;between;pearson;0.2679510573823728;-0.0909616801010288;0.5790500428032268;49;paper_scores
spec_share;Z_SEN;between;pearson;0.09935308313441635;-0.17907259218573274;0.3877370543189364;49;paper_scores
spec_share;Z_SUS;between;pearson;0.043103196192616426;-0.2264580298648494;0.2784573833057749;49;paper_scores
spec_share;Z_QUANT;between;pearson;0.2648845666021631;-0.03596040873561202;0.4730649366277061;49;paper_scores
spec_share;Z_HEDGE;between;pearson;-0.11307120751658681;-0.4336254333403968;0.2171401261187616;49;paper_scores
spec_share;ESGSI;between;pearson;0.05159575336479289;-0.22426786944859917;0.36238291193871314;49;paper_scores
spec_share;ESGSI_ext;between;pearson;-0.08530702464178311;-0.3768259676077412;0.27635849413779595;49;paper_scores
clim_share;Z_SEN;between;pearson;-0.0009428462201245308;-0.37958443595007885;0.41355269452609283;49;paper_scores
clim_share;Z_SUS;between;pearson;0.5653910401817082;0.33090532333530004;0.7334337223580956;49;paper_scores
clim_share;Z_QUANT;between;pearson;0.5967692260411622;0.25505719231034113;0.7971801415266521;49;paper_scores
clim_share;Z_HEDGE;between;pearson;-0.27694260815157673;-0.5116832584257325;-0.003979738042607571;49;paper_scores
clim_share;ESGSI;between;pearson;-0.43738402414194527;-0.6621162051796101;-0.1160939340855953;49;paper_scores
clim_share;ESGSI_ext;between;pearson;-0.6517835527672111;-0.8166536824155174;-0.4057305144307917;49;paper_scores
CTI;Z_SEN;between;pearson;-0.0032530799693782243;-0.30102068861633485;0.2750345363797154;49;paper_scores
CTI;Z_SUS;between;pearson;-0.00873069655447578;-0.29805371613341236;0.3217573718850359;49;paper_scores
CTI;Z_QUANT;between;pearson;-0.24653381381060727;-0.5002727568129247;0.15285563857140982;49;paper_scores
CTI;Z_HEDGE;between;pearson;0.10981340404975874;-0.1860915040454791;0.37603693848946634;49;paper_scores
CTI;ESGSI;between;pearson;0.0039724304112469565;-0.3419439190218679;0.32119931412940544;49;paper_scores
CTI;ESGSI_ext;between;pearson;0.12340651500385733;-0.27364664874002076;0.45327411024737246;49;paper_scores
CTI_prob;Z_SEN;between;pearson;0.009201538614973144;-0.2918243238757012;0.28819431402499834;49;paper_scores
CTI_prob;Z_SUS;between;pearson;-0.04533484171825401;-0.318126936079384;0.2633799894091525;49;paper_scores
CTI_prob;Z_QUANT;between;pearson;-0.31517923599278913;-0.5456079514988258;0.06486699700880003;49;paper_scores
CTI_prob;Z_HEDGE;between;pearson;0.07879647289704166;-0.2212238680724517;0.36662017252383916;49;paper_scores
CTI_prob;ESGSI;between;pearson;0.042876394238150324;-0.3009639606746883;0.34141464836835245;49;paper_scores
CTI_prob;ESGSI_ext;between;pearson;0.16770197808487594;-0.24735653287268808;0.4763923238602931;49;paper_scores
commit_share;Z_SEN;between;pearson;0.41533997285603813;0.12108058966041478;0.6256805576481156;49;paper_scores
commit_share;Z_SUS;between;pearson;0.009784004898445227;-0.32460240534893825;0.31849992473812366;49;paper_scores
commit_share;Z_QUANT;between;pearson;-0.017697247321214506;-0.3357772751714691;0.3806383549401795;49;paper_scores
commit_share;Z_HEDGE;between;pearson;-0.3631986244904225;-0.6784367071571674;0.02427426783958992;49;paper_scores
commit_share;ESGSI;between;pearson;0.3472809932861577;-0.024569390293392796;0.6537546151909801;49;paper_scores
commit_share;ESGSI_ext;between;pearson;0.1661044897888655;-0.22976333699634804;0.5250302092585497;49;paper_scores
sent_net;Z_SEN;between;spearman;0.6255102040816326;0.40513742308250617;0.7889686090779936;49;paper_scores
sent_net;Z_SUS;between;spearman;0.11295918367346938;-0.19026703032087447;0.3911817521799667;49;paper_scores
sent_net;Z_QUANT;between;spearman;0.26846938775510204;-0.038005616927895426;0.5320404606212391;49;paper_scores
sent_net;Z_HEDGE;between;spearman;-0.45979591836734696;-0.6943446933697038;-0.17028837007897377;49;paper_scores
sent_net;ESGSI;between;spearman;0.44448979591836735;0.18321951402018846;0.6581331766148814;49;paper_scores
sent_net;ESGSI_ext;between;spearman;0.12806122448979593;-0.17009371819046507;0.42518023090268675;49;paper_scores
spec_share;Z_SEN;between;spearman;0.14540816326530612;-0.14851256613345673;0.4356226541432297;49;paper_scores
spec_share;Z_SUS;between;spearman;-0.019285714285714285;-0.317326911713483;0.25631277788521534;49;paper_scores
spec_share;Z_QUANT;between;spearman;0.18908163265306122;-0.115522523354556;0.46231357944182316;49;paper_scores
spec_share;Z_HEDGE;between;spearman;-0.20846938775510204;-0.48190971727411935;0.10075610574515943;49;paper_scores
spec_share;ESGSI;between;spearman;0.1657142857142857;-0.13395881398133727;0.4706681273495721;49;paper_scores
spec_share;ESGSI_ext;between;spearman;0.017244897959183672;-0.29355303156003415;0.35596420256058875;49;paper_scores
clim_share;Z_SEN;between;spearman;0.07051020408163265;-0.227267347762326;0.3623465266304119;49;paper_scores
clim_share;Z_SUS;between;spearman;0.5025510204081632;0.24762238889712643;0.6976603990216468;49;paper_scores
clim_share;Z_QUANT;between;spearman;0.40530612244897957;0.09717980691493672;0.6505621422730988;49;paper_scores
clim_share;Z_HEDGE;between;spearman;-0.32540816326530614;-0.5727220376522701;-0.03708010076799607;49;paper_scores
clim_share;ESGSI;between;spearman;-0.30959183673469387;-0.5482412977530488;0.011566202891638726;49;paper_scores
clim_share;ESGSI_ext;between;spearman;-0.5510204081632653;-0.7362453008322322;-0.2899665523571803;49;paper_scores
CTI;Z_SEN;between;spearman;-0.022346938775510205;-0.3302753109888892;0.2559335754605865;49;paper_scores
CTI;Z_SUS;between;spearman;0.05030612244897959;-0.2545273748027628;0.37170479188315614;49;paper_scores
CTI;Z_QUANT;between;spearman;-0.11479591836734694;-0.42249527307546136;0.21219870184846285;49;paper_scores
CTI;Z_HEDGE;between;spearman;0.175;-0.10802824832414276;0.43782814084424354;49;paper_scores
CTI;ESGSI;between;spearman;-0.08326530612244898;-0.42109311396856924;0.2417264829412676;49;paper_scores
CTI;ESGSI_ext;between;spearman;0.03428571428571429;-0.3142186888653618;0.35185848048907975;49;paper_scores
CTI_prob;Z_SEN;between;spearman;-0.005612244897959183;-0.3185747456810248;0.28017684609361176;49;paper_scores
CTI_prob;Z_SUS;between;spearman;0.052959183673469384;-0.2452091407992608;0.3530794423045904;49;paper_scores
CTI_prob;Z_QUANT;between;spearman;-0.1279591836734694;-0.43485715745898706;0.1980822516007293;49;paper_scores
CTI_prob;Z_HEDGE;between;spearman;0.14061224489795918;-0.15827210839233832;0.4195457476407727;49;paper_scores
CTI_prob;ESGSI;between;spearman;-0.07438775510204082;-0.4046976726112089;0.24965274138414104;49;paper_scores
CTI_prob;ESGSI_ext;between;spearman;0.01183673469387755;-0.3341564977002319;0.33364323662111794;49;paper_scores
commit_share;Z_SEN;between;spearman;0.39102040816326533;0.07773070706235413;0.6255901932348507;49;paper_scores
commit_share;Z_SUS;between;spearman;-0.015918367346938776;-0.3302405429187452;0.30122365931661005;49;paper_scores
commit_share;Z_QUANT;between;spearman;0.12489795918367347;-0.17427286014404048;0.41115032620443637;49;paper_scores
commit_share;Z_HEDGE;between;spearman;-0.42091836734693877;-0.6805727763729797;-0.08778609464623892;49;paper_scores
commit_share;ESGSI;between;spearman;0.38020408163265307;0.08094010816193815;0.6220103531721266;49;paper_scores
commit_share;ESGSI_ext;between;spearman;0.14653061224489797;-0.18729807401946305;0.4481818851916807;49;paper_scores
sent_net;Z_SEN;twoway;pearson;0.489743650559895;0.27207951291119986;0.6742530717507536;342;paper_scores
sent_net;Z_SUS;twoway;pearson;0.02463947213753229;-0.10460547373137176;0.1720942096924191;342;paper_scores
sent_net;Z_QUANT;twoway;pearson;0.056725346882570096;-0.08046428174682044;0.2098486653496511;342;paper_scores
sent_net;Z_HEDGE;twoway;pearson;-0.19959577520085908;-0.36244869704595656;-0.02179121330956612;342;paper_scores
sent_net;ESGSI;twoway;pearson;0.4018904716953941;0.17097118977231268;0.5795230201611152;342;paper_scores
sent_net;ESGSI_ext;twoway;pearson;0.22335809600439419;0.03253211343715744;0.4195842705748395;342;paper_scores
spec_share;Z_SEN;twoway;pearson;0.040879938804205374;-0.22312624326961789;0.30805021338441985;342;paper_scores
spec_share;Z_SUS;twoway;pearson;-0.23573392432245302;-0.41553654776689347;-0.02773192612326014;342;paper_scores
spec_share;Z_QUANT;twoway;pearson;0.1356630625538863;0.02259743787451173;0.3333321678274071;342;paper_scores
spec_share;Z_HEDGE;twoway;pearson;-0.0036193245564468055;-0.212577542044338;0.19050004355776115;342;paper_scores
spec_share;ESGSI;twoway;pearson;0.22482050375677415;0.01820892861296518;0.40712743355076286;342;paper_scores
spec_share;ESGSI_ext;twoway;pearson;0.12472896572317893;-0.0323524229132583;0.2884784984717667;342;paper_scores
clim_share;Z_SEN;twoway;pearson;0.40176074737016615;0.19099649666942137;0.5619349212104308;342;paper_scores
clim_share;Z_SUS;twoway;pearson;0.5923390505079955;0.4627473863338437;0.7053003987592268;342;paper_scores
clim_share;Z_QUANT;twoway;pearson;0.18509551726533793;0.014011952072067013;0.3118912593809231;342;paper_scores
clim_share;Z_HEDGE;twoway;pearson;-0.43325533633878394;-0.556162036705052;-0.28754100718670433;342;paper_scores
clim_share;ESGSI;twoway;pearson;-0.13053587501276295;-0.39381435294006445;0.14142152855768536;342;paper_scores
clim_share;ESGSI_ext;twoway;pearson;-0.3263815891437709;-0.5261559598536673;-0.05609182999364219;342;paper_scores
CTI;Z_SEN;twoway;pearson;0.08649841487417848;-0.1471106646206768;0.31443507761705103;342;paper_scores
CTI;Z_SUS;twoway;pearson;0.17049989322845557;-0.0587973813073677;0.39151322130497;342;paper_scores
CTI;Z_QUANT;twoway;pearson;-0.135585723671829;-0.2846550615098362;-0.022703708973837517;342;paper_scores
CTI;Z_HEDGE;twoway;pearson;0.012574484056776367;-0.17556130832462075;0.19625476856482443;342;paper_scores
CTI;ESGSI;twoway;pearson;-0.06265776154176143;-0.21207619996475097;0.08561281807508386;342;paper_scores
CTI;ESGSI_ext;twoway;pearson;0.00586993477770619;-0.16226526166010594;0.16003249629241878;342;paper_scores
CTI_prob;Z_SEN;twoway;pearson;0.08238058813865896;-0.13272591729724478;0.2970179631934404;342;paper_scores
CTI_prob;Z_SUS;twoway;pearson;0.20710450851776913;-0.010871304581952767;0.4083549890022901;342;paper_scores
CTI_prob;Z_QUANT;twoway;pearson;-0.10198146698713713;-0.2620900680207273;0.004205363239646365;342;paper_scores
CTI_prob;Z_HEDGE;twoway;pearson;-0.011231141206584543;-0.20347973812996875;0.1760853152741997;342;paper_scores
CTI_prob;ESGSI;twoway;pearson;-0.09565079224719616;-0.23898405327814715;0.049245272409939304;342;paper_scores
CTI_prob;ESGSI_ext;twoway;pearson;-0.04110002624755494;-0.19632821767378453;0.10383186637701192;342;paper_scores
commit_share;Z_SEN;twoway;pearson;0.38541667942460467;0.1645463095022051;0.564004327325396;342;paper_scores
commit_share;Z_SUS;twoway;pearson;-0.24203490655341311;-0.4265947403249277;-0.04368857211043537;342;paper_scores
commit_share;Z_QUANT;twoway;pearson;-0.08482548952616882;-0.21002423372671467;0.10309894375767972;342;paper_scores
commit_share;Z_HEDGE;twoway;pearson;-0.006235650737851824;-0.21465156633540833;0.1856256676245815;342;paper_scores
commit_share;ESGSI;twoway;pearson;0.5265859031337057;0.3234481183553823;0.6701909666459762;342;paper_scores
commit_share;ESGSI_ext;twoway;pearson;0.4432329133168831;0.27792343766775784;0.5811021789388894;342;paper_scores
sent_net;Z_SEN;twoway;spearman;0.47198536769237714;0.30790196106776774;0.6132562020027399;342;paper_scores
sent_net;Z_SUS;twoway;spearman;0.0765185751499462;-0.07374749597215925;0.2238484683382525;342;paper_scores
sent_net;Z_QUANT;twoway;spearman;0.08849207224176907;-0.08459274351992348;0.25097810405074084;342;paper_scores
sent_net;Z_HEDGE;twoway;spearman;-0.21146363424870754;-0.35983900976890765;-0.0335351359026458;342;paper_scores
sent_net;ESGSI;twoway;spearman;0.3043879073469178;0.12430967090114346;0.47237968340141595;342;paper_scores
sent_net;ESGSI_ext;twoway;spearman;0.1292750998928886;-0.041092051044823955;0.3034744515427869;342;paper_scores
spec_share;Z_SEN;twoway;spearman;0.13148092566685132;-0.048032401495127205;0.2945989725967;342;paper_scores
spec_share;Z_SUS;twoway;spearman;-0.1598113723473205;-0.3396663973075662;0.018073602309458633;342;paper_scores
spec_share;Z_QUANT;twoway;spearman;0.2682913219970148;0.10504523128689035;0.3999008118361941;342;paper_scores
spec_share;Z_HEDGE;twoway;spearman;-0.09063939998419053;-0.24964285422736204;0.10807128601668867;342;paper_scores
spec_share;ESGSI;twoway;spearman;0.2511144999970751;0.0749200931050151;0.39609628347878295;342;paper_scores
spec_share;ESGSI_ext;twoway;spearman;0.08900415501018391;-0.08370145208923607;0.2511329550987248;342;paper_scores
clim_share;Z_SEN;twoway;spearman;0.301627400237982;0.13773219485205332;0.445491050427265;342;paper_scores
clim_share;Z_SUS;twoway;spearman;0.6405733947052682;0.4994370441105468;0.7429872355951878;342;paper_scores
clim_share;Z_QUANT;twoway;spearman;0.1579253358124499;-0.0005937924990947705;0.3165189606322289;342;paper_scores
clim_share;Z_HEDGE;twoway;spearman;-0.3827539703288984;-0.5191517586627008;-0.22007450301366735;342;paper_scores
clim_share;ESGSI;twoway;spearman;-0.17949730991552135;-0.35612195762971194;-0.010938720802337161;342;paper_scores
clim_share;ESGSI_ext;twoway;spearman;-0.3898142327510679;-0.5294379018822075;-0.22577050570879556;342;paper_scores
CTI;Z_SEN;twoway;spearman;-0.04771534437866166;-0.210975571998694;0.12161433903901965;342;paper_scores
CTI;Z_SUS;twoway;spearman;0.0999906853134392;-0.07820292619372692;0.2881534834622895;342;paper_scores
CTI;Z_QUANT;twoway;spearman;-0.24676614631917637;-0.36496946691162885;-0.09637304404512967;342;paper_scores
CTI;Z_HEDGE;twoway;spearman;0.01568092233696336;-0.14876733592117852;0.16660027506015274;342;paper_scores
CTI;ESGSI;twoway;spearman;-0.13046065999879103;-0.2824735936821494;0.02320585135684094;342;paper_scores
CTI;ESGSI_ext;twoway;spearman;-0.030444325548445294;-0.1894823426308656;0.11392148265532087;342;paper_scores
CTI_prob;Z_SEN;twoway;spearman;-0.04601440161538564;-0.20553462865662034;0.12052058258403393;342;paper_scores
CTI_prob;Z_SUS;twoway;spearman;0.14168058244840062;-0.026842587372856774;0.31456210134192764;342;paper_scores
CTI_prob;Z_QUANT;twoway;spearman;-0.2020430512513254;-0.33261242234506866;-0.058197329234573617;342;paper_scores
CTI_prob;Z_HEDGE;twoway;spearman;0.004853386683538099;-0.17087766172221983;0.15879052346047276;342;paper_scores
CTI_prob;ESGSI;twoway;spearman;-0.15572580982649933;-0.3061275706892411;0.006715546228015266;342;paper_scores
CTI_prob;ESGSI_ext;twoway;spearman;-0.0714274464664264;-0.23131741463233033;0.07958351426543465;342;paper_scores
commit_share;Z_SEN;twoway;spearman;0.3101270142259713;0.14594337835741641;0.4590486885074107;342;paper_scores
commit_share;Z_SUS;twoway;spearman;-0.22225667106301872;-0.3831216723614289;-0.06308085071514037;342;paper_scores
commit_share;Z_QUANT;twoway;spearman;-0.0295992539851034;-0.1806606107352683;0.13171135961955246;342;paper_scores
commit_share;Z_HEDGE;twoway;spearman;-0.056709941710461446;-0.23716432363681625;0.1298561478036634;342;paper_scores
commit_share;ESGSI;twoway;spearman;0.43625836990585265;0.2655187386847852;0.5934861093943423;342;paper_scores
commit_share;ESGSI_ext;twoway;spearman;0.3223828018187188;0.1552443980302356;0.4861183364209994;342;paper_scores
sent_net;SEN_clim;pooled;pearson;0.6566357593662896;0.5437259928129958;0.7523373255502286;342;climate_scope_dictionary
sent_net;SEN_nonclim;pooled;pearson;0.4302408226137774;0.2294199659953121;0.6041719796955621;342;climate_scope_dictionary
sent_net;SUS_clim;pooled;pearson;-0.20694127666007203;-0.4009969063138822;-0.00991806233185101;342;climate_scope_dictionary
sent_net;SUS_nonclim;pooled;pearson;-0.00944068316664861;-0.26470396644171545;0.2563337244213934;342;climate_scope_dictionary
sent_net;QUANT_clim;pooled;pearson;0.15487491978658757;-0.0821218107836872;0.3716218025930441;342;climate_scope_dictionary
sent_net;HEDGE_clim;pooled;pearson;-0.3701812446079989;-0.5171973616502434;-0.22336835220112497;342;climate_scope_dictionary
spec_share;SEN_clim;pooled;pearson;0.08812378504082813;-0.10614286943779412;0.2960424960255622;342;climate_scope_dictionary
spec_share;SEN_nonclim;pooled;pearson;0.031024518006729437;-0.1988387481671446;0.27777259120750464;342;climate_scope_dictionary
spec_share;SUS_clim;pooled;pearson;-0.2936219382206515;-0.47482021151924614;-0.11139221582008652;342;climate_scope_dictionary
spec_share;SUS_nonclim;pooled;pearson;-0.04756220579439174;-0.21849708994446487;0.105682144312335;342;climate_scope_dictionary
spec_share;QUANT_clim;pooled;pearson;0.3337809436851915;0.1494377080967335;0.49515429184453746;342;climate_scope_dictionary
spec_share;HEDGE_clim;pooled;pearson;-0.04396307291549728;-0.2300490745335924;0.1302594782566954;342;climate_scope_dictionary
CTI;SEN_clim;pooled;pearson;0.01682358608299958;-0.17894043087034353;0.19480068881559592;342;climate_scope_dictionary
CTI;SEN_nonclim;pooled;pearson;0.06970217782956062;-0.1717995243280416;0.30050561702926865;342;climate_scope_dictionary
CTI;SUS_clim;pooled;pearson;0.2906066987822924;0.11159504514308573;0.4653247293746966;342;climate_scope_dictionary
CTI;SUS_nonclim;pooled;pearson;-0.0020290964334422784;-0.15835080678563573;0.18512498096620097;342;climate_scope_dictionary
CTI;QUANT_clim;pooled;pearson;-0.2567931063175635;-0.455213358727579;-0.053214678667648854;342;climate_scope_dictionary
CTI;HEDGE_clim;pooled;pearson;-0.04804203185380057;-0.22817581613243773;0.1419356517650435;342;climate_scope_dictionary
sent_net;SEN_clim;pooled;spearman;0.6635275435312796;0.5302425828543745;0.767692560013519;342;climate_scope_dictionary
sent_net;SEN_nonclim;pooled;spearman;0.41511356729778076;0.21281290178703907;0.5936846265307125;342;climate_scope_dictionary
sent_net;SUS_clim;pooled;spearman;-0.2142810162257153;-0.40559075139555406;-0.02846665777806197;342;climate_scope_dictionary
sent_net;SUS_nonclim;pooled;spearman;0.024064760074258753;-0.21104543953929653;0.24060459095440564;342;climate_scope_dictionary
sent_net;QUANT_clim;pooled;spearman;0.21511943820159896;-0.019646772661903834;0.41704268702132846;342;climate_scope_dictionary
sent_net;HEDGE_clim;pooled;spearman;-0.42455449584038063;-0.5553468462933759;-0.28273619019749074;342;climate_scope_dictionary
spec_share;SEN_clim;pooled;spearman;0.11970261951622396;-0.07951346239528279;0.324371897014312;342;climate_scope_dictionary
spec_share;SEN_nonclim;pooled;spearman;0.07787982116379251;-0.143633651704275;0.2991202799031059;342;climate_scope_dictionary
spec_share;SUS_clim;pooled;spearman;-0.3072323533528099;-0.4710835703679079;-0.13925278227932997;342;climate_scope_dictionary
spec_share;SUS_nonclim;pooled;spearman;-0.08234463409253819;-0.273918410744063;0.08883388374039598;342;climate_scope_dictionary
spec_share;QUANT_clim;pooled;spearman;0.3161748807604121;0.10864007900645872;0.5020144329852105;342;climate_scope_dictionary
spec_share;HEDGE_clim;pooled;spearman;-0.11913972678691057;-0.3027728671043318;0.07190003961179486;342;climate_scope_dictionary
CTI;SEN_clim;pooled;spearman;-0.011838668082817925;-0.20806166645164179;0.16979916070891318;342;climate_scope_dictionary
CTI;SEN_nonclim;pooled;spearman;0.019663437276372122;-0.21854933410777957;0.24351491113971382;342;climate_scope_dictionary
CTI;SUS_clim;pooled;spearman;0.2730720182132968;0.10495950186598742;0.42881062573370066;342;climate_scope_dictionary
CTI;SUS_nonclim;pooled;spearman;0.02455630416986361;-0.15662494212374914;0.223048913517503;342;climate_scope_dictionary
CTI;QUANT_clim;pooled;spearman;-0.26349671774319633;-0.4739977873426506;-0.04047577820562386;342;climate_scope_dictionary
CTI;HEDGE_clim;pooled;spearman;0.028424254574675945;-0.16190857176376433;0.2184608623399545;342;climate_scope_dictionary
sent_net;SEN_clim;within;pearson;0.6115939538907438;0.45964413415565886;0.7243503398348536;342;climate_scope_dictionary
sent_net;SEN_nonclim;within;pearson;0.4631054997152809;0.22268356918744706;0.6476097691486586;342;climate_scope_dictionary
sent_net;SUS_clim;within;pearson;-0.24105487967711364;-0.3744581897744296;-0.09745593615397558;342;climate_scope_dictionary
sent_net;SUS_nonclim;within;pearson;-0.1367029233671193;-0.28977331588835326;0.007600200207282074;342;climate_scope_dictionary
sent_net;QUANT_clim;within;pearson;0.06934833308083518;-0.06975623069165528;0.22069762522502542;342;climate_scope_dictionary
sent_net;HEDGE_clim;within;pearson;-0.44358826584989675;-0.5763702248879373;-0.2998183079160399;342;climate_scope_dictionary
spec_share;SEN_clim;within;pearson;0.18066932713243203;0.009002454706141243;0.35407008521533495;342;climate_scope_dictionary
spec_share;SEN_nonclim;within;pearson;0.15870271525931348;-0.08667637879496756;0.3867358090972835;342;climate_scope_dictionary
spec_share;SUS_clim;within;pearson;-0.3139416927550596;-0.4795831679949608;-0.12139529621599932;342;climate_scope_dictionary
spec_share;SUS_nonclim;within;pearson;-0.2684608973433353;-0.4088458417409876;-0.1270127713114487;342;climate_scope_dictionary
spec_share;QUANT_clim;within;pearson;0.25057480766635076;0.08539204953470035;0.45109123113354865;342;climate_scope_dictionary
spec_share;HEDGE_clim;within;pearson;-0.1241654958210333;-0.2944849081673345;0.054553580947804506;342;climate_scope_dictionary
CTI;SEN_clim;within;pearson;-0.03468667826680833;-0.20797111785583727;0.16236999344940725;342;climate_scope_dictionary
CTI;SEN_nonclim;within;pearson;-0.03462310479591324;-0.21656916585879848;0.16231624431771938;342;climate_scope_dictionary
CTI;SUS_clim;within;pearson;0.2457644952448818;0.05063085632250087;0.41820137061421453;342;climate_scope_dictionary
CTI;SUS_nonclim;within;pearson;0.1424292253675243;-0.0010790425538386894;0.2853409836040402;342;climate_scope_dictionary
CTI;QUANT_clim;within;pearson;-0.19050988510192146;-0.4088890808764222;-0.018609799827261023;342;climate_scope_dictionary
CTI;HEDGE_clim;within;pearson;-0.06289312424031121;-0.2723892080591171;0.13115449736654783;342;climate_scope_dictionary
sent_net;SEN_clim;within;spearman;0.6355701630640129;0.5160596880012349;0.7326031627871431;342;climate_scope_dictionary
sent_net;SEN_nonclim;within;spearman;0.35273968030975755;0.18351524824995905;0.5003789950392227;342;climate_scope_dictionary
sent_net;SUS_clim;within;spearman;-0.23132326597210004;-0.3685817989011439;-0.08169278067575089;342;climate_scope_dictionary
sent_net;SUS_nonclim;within;spearman;-0.1431184340646937;-0.2894222612671255;0.0007441610559778404;342;climate_scope_dictionary
sent_net;QUANT_clim;within;spearman;0.0708937207669571;-0.07995405679912933;0.22248413346116386;342;climate_scope_dictionary
sent_net;HEDGE_clim;within;spearman;-0.4046865322981882;-0.5313093447179377;-0.26345394918441084;342;climate_scope_dictionary
spec_share;SEN_clim;within;spearman;0.1792993300249949;0.056921500203578924;0.3017011531810535;342;climate_scope_dictionary
spec_share;SEN_nonclim;within;spearman;0.15082623600912642;0.002914756336781272;0.2987355941130626;342;climate_scope_dictionary
spec_share;SUS_clim;within;spearman;-0.2348151660807995;-0.39097586185120464;-0.06899269301462034;342;climate_scope_dictionary
spec_share;SUS_nonclim;within;spearman;-0.24288579510942987;-0.39808854152191747;-0.07716305875543784;342;climate_scope_dictionary
spec_share;QUANT_clim;within;spearman;0.32959402827187784;0.1844722372490645;0.4616555690497958;342;climate_scope_dictionary
spec_share;HEDGE_clim;within;spearman;-0.131562532787962;-0.27366397159326217;0.016530856391019564;342;climate_scope_dictionary
CTI;SEN_clim;within;spearman;-0.05323142073976312;-0.17811895343887843;0.07880666653905244;342;climate_scope_dictionary
CTI;SEN_nonclim;within;spearman;-0.08002547514849519;-0.23399952809545277;0.061308449727087495;342;climate_scope_dictionary
CTI;SUS_clim;within;spearman;0.12480062853899423;-0.05002522759421309;0.28853862281363263;342;climate_scope_dictionary
CTI;SUS_nonclim;within;spearman;0.139046702363977;-0.026534837311181975;0.30024838839981577;342;climate_scope_dictionary
CTI;QUANT_clim;within;spearman;-0.3108200770692922;-0.4470499137580268;-0.17108865269725265;342;climate_scope_dictionary
CTI;HEDGE_clim;within;spearman;-0.07701717570090415;-0.21653966885976259;0.058589097816820424;342;climate_scope_dictionary
sent_net;SEN_clim;between;pearson;0.6788153322360434;0.5253244588536335;0.7969698865608562;49;climate_scope_dictionary
sent_net;SEN_nonclim;between;pearson;0.41447094166297954;0.1570322797014588;0.6233622736037809;49;climate_scope_dictionary
sent_net;SUS_clim;between;pearson;-0.18383205200853553;-0.4729100539937346;0.1372206623219958;49;climate_scope_dictionary
sent_net;SUS_nonclim;between;pearson;0.06185177943041394;-0.3072833268926067;0.42927659858923445;49;climate_scope_dictionary
sent_net;QUANT_clim;between;pearson;0.1978610453085261;-0.16210423809379784;0.530214292878161;49;climate_scope_dictionary
sent_net;HEDGE_clim;between;pearson;-0.3249775110117076;-0.5737166734102414;-0.05084823810258868;49;climate_scope_dictionary
spec_share;SEN_clim;between;pearson;0.0367947103994908;-0.2296983907904457;0.336386124844476;49;climate_scope_dictionary
spec_share;SEN_nonclim;between;pearson;-0.03758366464542576;-0.33239184663542853;0.29073627505545196;49;climate_scope_dictionary
spec_share;SUS_clim;between;pearson;-0.2767055983982015;-0.5248052731178711;-0.026933835048929985;49;climate_scope_dictionary
spec_share;SUS_nonclim;between;pearson;0.0921149339551552;-0.1514786564899178;0.31759125609827765;49;climate_scope_dictionary
spec_share;QUANT_clim;between;pearson;0.3817203067261977;0.08959401306000145;0.6061886364537694;49;climate_scope_dictionary
spec_share;HEDGE_clim;between;pearson;0.02042223318794261;-0.285668601990485;0.31831671889836843;49;climate_scope_dictionary
CTI;SEN_clim;between;pearson;0.047543546180810616;-0.25764782062774133;0.31201357944134983;49;climate_scope_dictionary
CTI;SEN_nonclim;between;pearson;0.13040059842974586;-0.20914619639563012;0.4291927129206182;49;climate_scope_dictionary
CTI;SUS_clim;between;pearson;0.32102708780385797;0.062577730631302;0.5709136575773436;49;climate_scope_dictionary
CTI;SUS_nonclim;between;pearson;-0.09911877906091708;-0.36200495880991795;0.21247632576439185;49;climate_scope_dictionary
CTI;QUANT_clim;between;pearson;-0.29929128425647517;-0.5492222121105899;0.032314839938351395;49;climate_scope_dictionary
CTI;HEDGE_clim;between;pearson;-0.03602223430146774;-0.3211074214668218;0.248678084511008;49;climate_scope_dictionary
sent_net;SEN_clim;between;spearman;0.6756122448979592;0.4792446654960054;0.8153390748665666;49;climate_scope_dictionary
sent_net;SEN_nonclim;between;spearman;0.43612244897959185;0.14262934316516412;0.6691261632403224;49;climate_scope_dictionary
sent_net;SUS_clim;between;spearman;-0.18683673469387754;-0.46895079965351505;0.11005866970004545;49;climate_scope_dictionary
sent_net;SUS_nonclim;between;spearman;0.11193877551020408;-0.18906612042532653;0.3890886727541474;49;climate_scope_dictionary
sent_net;QUANT_clim;between;spearman;0.2726530612244898;-0.025060282080818713;0.531187611810867;49;climate_scope_dictionary
sent_net;HEDGE_clim;between;spearman;-0.43204081632653063;-0.64024623477577;-0.16966739896796612;49;climate_scope_dictionary
spec_share;SEN_clim;between;spearman;0.09387755102040816;-0.19544624537073774;0.39098136708754316;49;climate_scope_dictionary
spec_share;SEN_nonclim;between;spearman;0.02510204081632653;-0.28050551573794136;0.3357662909459008;49;climate_scope_dictionary
spec_share;SUS_clim;between;spearman;-0.31846938775510203;-0.5768952398286663;-0.04184717766415359;49;climate_scope_dictionary
spec_share;SUS_nonclim;between;spearman;0.09459183673469387;-0.1911983400352332;0.3414902284337405;49;climate_scope_dictionary
spec_share;QUANT_clim;between;spearman;0.31887755102040816;0.02050403215838846;0.5745223485339792;49;climate_scope_dictionary
spec_share;HEDGE_clim;between;spearman;-0.055714285714285716;-0.35281097531833533;0.25599359697030466;49;climate_scope_dictionary
CTI;SEN_clim;between;spearman;0.027959183673469386;-0.28393951449029564;0.2987244368171009;49;climate_scope_dictionary
CTI;SEN_nonclim;between;spearman;0.1076530612244898;-0.20388829185464133;0.4115373097035525;49;climate_scope_dictionary
CTI;SUS_clim;between;spearman;0.33622448979591835;0.05098646394280507;0.5867061636023709;49;climate_scope_dictionary
CTI;SUS_nonclim;between;spearman;-0.07020408163265306;-0.36722119297333805;0.24108062434822555;49;climate_scope_dictionary
CTI;QUANT_clim;between;spearman;-0.21653061224489795;-0.5120375639809732;0.11080681443179262;49;climate_scope_dictionary
CTI;HEDGE_clim;between;spearman;0.01846938775510204;-0.27822257085934565;0.3071097524960947;49;climate_scope_dictionary
sent_net;SEN_clim;twoway;pearson;0.6029405200946433;0.44772059124690666;0.7150301876181402;342;climate_scope_dictionary
sent_net;SEN_nonclim;twoway;pearson;0.40734900024153425;0.1397238418476135;0.6101787772622129;342;climate_scope_dictionary
sent_net;SUS_clim;twoway;pearson;-0.026016516315501764;-0.15219731882252738;0.11635018624774984;342;climate_scope_dictionary
sent_net;SUS_nonclim;twoway;pearson;0.01981003020342221;-0.13161951268205993;0.18548399614442646;342;climate_scope_dictionary
sent_net;QUANT_clim;twoway;pearson;0.043672675419455395;-0.08972739068153229;0.20323422813060502;342;climate_scope_dictionary
sent_net;HEDGE_clim;twoway;pearson;-0.3413330613394235;-0.47142467917411324;-0.19768256271736467;342;climate_scope_dictionary
spec_share;SEN_clim;twoway;pearson;0.13548413488431538;-0.03863161737436841;0.31182389922306675;342;climate_scope_dictionary
spec_share;SEN_nonclim;twoway;pearson;0.08113380956119605;-0.18124111116708327;0.3369861029180739;342;climate_scope_dictionary
spec_share;SUS_clim;twoway;pearson;-0.25193925286259333;-0.4516070038565828;-0.009668212669660925;342;climate_scope_dictionary
spec_share;SUS_nonclim;twoway;pearson;-0.16631350388312172;-0.32525995010012615;-0.0007821790239204037;342;climate_scope_dictionary
spec_share;QUANT_clim;twoway;pearson;0.22177005710674588;0.043780605520768075;0.43592469859507493;342;climate_scope_dictionary
spec_share;HEDGE_clim;twoway;pearson;-0.028809633416911583;-0.21490274646511173;0.15791491054260273;342;climate_scope_dictionary
CTI;SEN_clim;twoway;pearson;-0.004314535900451024;-0.18525918545828535;0.1945638415976124;342;climate_scope_dictionary
CTI;SEN_nonclim;twoway;pearson;0.008558382245572869;-0.18226876062619624;0.20985663586256761;342;climate_scope_dictionary
CTI;SUS_clim;twoway;pearson;0.24345354865258037;0.024799920856521423;0.4432130637931416;342;climate_scope_dictionary
CTI;SUS_nonclim;twoway;pearson;0.08650129354473321;-0.06818728921452423;0.25510744777626815;342;climate_scope_dictionary
CTI;QUANT_clim;twoway;pearson;-0.1669778546267949;-0.39388822332019763;0.015948249448154393;342;climate_scope_dictionary
CTI;HEDGE_clim;twoway;pearson;-0.10631092428449786;-0.30875290430903857;0.08774500001529181;342;climate_scope_dictionary
sent_net;SEN_clim;twoway;spearman;0.6250339176086724;0.49693570847191726;0.7269660613454114;342;climate_scope_dictionary
sent_net;SEN_nonclim;twoway;spearman;0.3260897770790013;0.1445279441115534;0.4822474613948861;342;climate_scope_dictionary
sent_net;SUS_clim;twoway;spearman;0.011724355475438252;-0.1367051606864882;0.1566684462697847;342;climate_scope_dictionary
sent_net;SUS_nonclim;twoway;spearman;0.09393478909434698;-0.0745298563186891;0.23813587903456407;342;climate_scope_dictionary
sent_net;QUANT_clim;twoway;spearman;0.06196186498324331;-0.10107230385253643;0.22280871924684673;342;climate_scope_dictionary
sent_net;HEDGE_clim;twoway;spearman;-0.3234174670022354;-0.44874889747495156;-0.18278608519950482;342;climate_scope_dictionary
spec_share;SEN_clim;twoway;spearman;0.1620078984342177;0.0177446955184008;0.2946633599455518;342;climate_scope_dictionary
spec_share;SEN_nonclim;twoway;spearman;0.11068952529747374;-0.056524535910102994;0.2790731358970312;342;climate_scope_dictionary
spec_share;SUS_clim;twoway;spearman;-0.2078946543448813;-0.37238290620904746;-0.031219387950639433;342;climate_scope_dictionary
spec_share;SUS_nonclim;twoway;spearman;-0.15606659835896522;-0.3299288610566927;0.02666102500201131;342;climate_scope_dictionary
spec_share;QUANT_clim;twoway;spearman;0.3005207374771839;0.135171844019831;0.436686238123802;342;climate_scope_dictionary
spec_share;HEDGE_clim;twoway;spearman;-0.06780296843011233;-0.23461526833500998;0.11002431431910185;342;climate_scope_dictionary
CTI;SEN_clim;twoway;spearman;-0.051285524242109255;-0.18172725419494906;0.0917078324055985;342;climate_scope_dictionary
CTI;SEN_nonclim;twoway;spearman;-0.0497165770371827;-0.2181759752823951;0.11610748215554581;342;climate_scope_dictionary
CTI;SUS_clim;twoway;spearman;0.1673381190722932;0.0003686710615158233;0.3206370868240755;342;climate_scope_dictionary
CTI;SUS_nonclim;twoway;spearman;0.10618967671737846;-0.06384540621045921;0.292377885594653;342;climate_scope_dictionary
CTI;QUANT_clim;twoway;spearman;-0.27759550891112517;-0.4164935050797705;-0.11681953696151444;342;climate_scope_dictionary
CTI;HEDGE_clim;twoway;spearman;-0.1051823106152478;-0.259822062496415;0.05258889684772235;342;climate_scope_dictionary
sent_net;Z_SEN;pooled;pearson;0.5827124494762241;0.41455387797777293;0.7178759749667009;342;sen_variants
sent_net;Z_SEN_exA;pooled;pearson;0.5557377223289649;0.3959028212563595;0.6884239943647152;342;sen_variants
sent_net;Z_SEN_exB;pooled;pearson;0.5444011263528992;0.38627317907024655;0.6756424558800069;342;sen_variants
sent_net;Z_SEN_exTop25;pooled;pearson;0.5337293496656142;0.37130052846351347;0.6702788852322636;342;sen_variants
sent_net_prob;Z_SEN;pooled;pearson;0.5894679873980933;0.4235021875557368;0.7229896172341278;342;sen_variants
sent_net_prob;Z_SEN_exA;pooled;pearson;0.5597038988519103;0.4016352948959479;0.6913466994821823;342;sen_variants
sent_net_prob;Z_SEN_exB;pooled;pearson;0.547950986730409;0.39006879207131184;0.67932340464188;342;sen_variants
sent_net_prob;Z_SEN_exTop25;pooled;pearson;0.5384145258205439;0.3763616950888673;0.674341252208772;342;sen_variants
sent_net;Z_SEN;pooled;spearman;0.5844980145514959;0.41591746477363617;0.720465125772948;342;sen_variants
sent_net;Z_SEN_exA;pooled;spearman;0.5559813916095812;0.3925994754531981;0.6885301122814332;342;sen_variants
sent_net;Z_SEN_exB;pooled;spearman;0.5442115362565075;0.37711585660283564;0.676627402363118;342;sen_variants
sent_net;Z_SEN_exTop25;pooled;spearman;0.5417251491308755;0.37445422805762063;0.6753449536330757;342;sen_variants
sent_net_prob;Z_SEN;pooled;spearman;0.5886750442898921;0.42604120115190025;0.7227294910997786;342;sen_variants
sent_net_prob;Z_SEN_exA;pooled;spearman;0.556590962458437;0.39080381587851415;0.686496846597021;342;sen_variants
sent_net_prob;Z_SEN_exB;pooled;spearman;0.5442781350407558;0.3819261439489992;0.6772206371297261;342;sen_variants
sent_net_prob;Z_SEN_exTop25;pooled;spearman;0.5417659508406529;0.37852534176688435;0.6742559609321616;342;sen_variants
sent_net;Z_SEN;within;pearson;0.5075856144146933;0.2968459223962224;0.6873875933989362;342;sen_variants
sent_net;Z_SEN_exA;within;pearson;0.42585727851781274;0.20597938788911324;0.6133319810161761;342;sen_variants
sent_net;Z_SEN_exB;within;pearson;0.3967174841756529;0.18103856143141037;0.5878351808165997;342;sen_variants
sent_net;Z_SEN_exTop25;within;pearson;0.3797907911021527;0.16185621084858987;0.5740123356220783;342;sen_variants
sent_net_prob;Z_SEN;within;pearson;0.5166779402756398;0.30931336258619224;0.688525783853333;342;sen_variants
sent_net_prob;Z_SEN_exA;within;pearson;0.42663316310779764;0.20227510981536845;0.6057820273322762;342;sen_variants
sent_net_prob;Z_SEN_exB;within;pearson;0.3953386382768368;0.17883860862068432;0.5782436621275797;342;sen_variants
sent_net_prob;Z_SEN_exTop25;within;pearson;0.3791865695711769;0.15932242464272456;0.5641599310781602;342;sen_variants
sent_net;Z_SEN;within;spearman;0.4606073851070463;0.30405985469904556;0.6039481694536889;342;sen_variants
sent_net;Z_SEN_exA;within;spearman;0.4032384810251135;0.2446565154749424;0.5501891660139092;342;sen_variants
sent_net;Z_SEN_exB;within;spearman;0.3760182969843065;0.21349749382051345;0.5308452114817614;342;sen_variants
sent_net;Z_SEN_exTop25;within;spearman;0.3632765257449087;0.20240270680723288;0.5135521634952284;342;sen_variants
sent_net_prob;Z_SEN;within;spearman;0.4841837435308123;0.3294223758159278;0.6229857462759718;342;sen_variants
sent_net_prob;Z_SEN_exA;within;spearman;0.4166243305912756;0.2563079215491406;0.5626996319521014;342;sen_variants
sent_net_prob;Z_SEN_exB;within;spearman;0.38740531381119026;0.22317242504755544;0.535897235165641;342;sen_variants
sent_net_prob;Z_SEN_exTop25;within;spearman;0.3746557428342536;0.2146626131711388;0.5248906186043297;342;sen_variants
sent_net;Z_SEN;between;pearson;0.6168998467773759;0.42319941804783856;0.7668917131706773;49;sen_variants
sent_net;Z_SEN_exA;between;pearson;0.6124250116110277;0.43267519603875676;0.7530337095244796;49;sen_variants
sent_net;Z_SEN_exB;between;pearson;0.6081445295820855;0.434632313323418;0.7463724211882908;49;sen_variants
sent_net;Z_SEN_exTop25;between;pearson;0.6000345455041541;0.41683249572533726;0.7472207499719341;49;sen_variants
sent_net_prob;Z_SEN;between;pearson;0.6223603404912401;0.4306329845864211;0.7731448157344499;49;sen_variants
sent_net_prob;Z_SEN_exA;between;pearson;0.6175732707753949;0.4346165007618266;0.7562911550495488;49;sen_variants
sent_net_prob;Z_SEN_exB;between;pearson;0.6136063887884246;0.43704314257484866;0.7533803038008942;49;sen_variants
sent_net_prob;Z_SEN_exTop25;between;pearson;0.6067701458177591;0.4224072046877571;0.7522238887263122;49;sen_variants
sent_net;Z_SEN;between;spearman;0.6255102040816326;0.40513742308250617;0.7889686090779936;49;sen_variants
sent_net;Z_SEN_exA;between;spearman;0.6235714285714286;0.4147458701151529;0.7847276945294935;49;sen_variants
sent_net;Z_SEN_exB;between;spearman;0.6390816326530612;0.44266997967008753;0.7773024592161116;49;sen_variants
sent_net;Z_SEN_exTop25;between;spearman;0.6402040816326531;0.4312284667769044;0.7944850478201715;49;sen_variants
sent_net_prob;Z_SEN;between;spearman;0.6334693877551021;0.413471899401576;0.7957850377646286;49;sen_variants
sent_net_prob;Z_SEN_exA;between;spearman;0.6284693877551021;0.416536005659119;0.7857868113161515;49;sen_variants
sent_net_prob;Z_SEN_exB;between;spearman;0.6426530612244898;0.4466232158743666;0.7775986304170074;49;sen_variants
sent_net_prob;Z_SEN_exTop25;between;spearman;0.6464285714285715;0.4397130513131047;0.7989848727034786;49;sen_variants
sent_net;Z_SEN;twoway;pearson;0.489743650559895;0.27207951291119986;0.6742530717507536;342;sen_variants
sent_net;Z_SEN_exA;twoway;pearson;0.4793981965455102;0.26855274088303993;0.664192350788534;342;sen_variants
sent_net;Z_SEN_exB;twoway;pearson;0.46622000965432053;0.2531620392059289;0.6487499948812483;342;sen_variants
sent_net;Z_SEN_exTop25;twoway;pearson;0.4591881754488855;0.2478144616721855;0.6479235415800324;342;sen_variants
sent_net_prob;Z_SEN;twoway;pearson;0.5023287255830801;0.2980809244292856;0.6792663758268684;342;sen_variants
sent_net_prob;Z_SEN_exA;twoway;pearson;0.4899250305684319;0.29053684917748235;0.666175717590582;342;sen_variants
sent_net_prob;Z_SEN_exB;twoway;pearson;0.47586552550637856;0.27719079901776433;0.6502363326140039;342;sen_variants
sent_net_prob;Z_SEN_exTop25;twoway;pearson;0.47057000281926176;0.274923066671692;0.6465128161068254;342;sen_variants
sent_net;Z_SEN;twoway;spearman;0.47198536769237714;0.30790196106776774;0.6132562020027399;342;sen_variants
sent_net;Z_SEN_exA;twoway;spearman;0.4723690547813066;0.31410875185251025;0.6124348971411127;342;sen_variants
sent_net;Z_SEN_exB;twoway;spearman;0.46083864277967046;0.2968003144713634;0.6039883150082265;342;sen_variants
sent_net;Z_SEN_exTop25;twoway;spearman;0.45765544989411105;0.29814582691930686;0.5960538479264479;342;sen_variants
sent_net_prob;Z_SEN;twoway;spearman;0.48439235019741583;0.32386604593181806;0.6253254726968496;342;sen_variants
sent_net_prob;Z_SEN_exA;twoway;spearman;0.4827874042038485;0.3232052160968084;0.6185987976961609;342;sen_variants
sent_net_prob;Z_SEN_exB;twoway;spearman;0.47137458824510553;0.3072057958957795;0.6113062019616996;342;sen_variants
sent_net_prob;Z_SEN_exTop25;twoway;spearman;0.4683329905948665;0.3090515177866611;0.6042174879732453;342;sen_variants
