;Z_SEN;Z_SUS;Z_QUANT;Z_HEDGE;ESGSI;ESGSI_ext;sent_net;spec_share;clim_share;CTI
Z_SEN;1.0;0.2805;0.1678;-0.3439;0.6355;0.3139;0.4897;0.0409;0.4018;0.0865
Z_SUS;0.2805;1.0;0.2406;-0.458;-0.5629;-0.6957;0.0246;-0.2357;0.5923;0.1705
Z_QUANT;0.1678;0.2406;1.0;-0.1736;-0.049;-0.4738;0.0567;0.1357;0.1851;-0.1356
Z_HEDGE;-0.3439;-0.458;-0.1736;1.0;0.0723;0.4787;-0.1996;-0.0036;-0.4333;0.0126
ESGSI;0.6355;-0.5629;-0.049;0.0723;1.0;0.8299;0.4019;0.2248;-0.1305;-0.0627
ESGSI_ext;0.3139;-0.6957;-0.4738;0.4787;0.8299;1.0;0.2234;0.1247;-0.3264;0.0059
sent_net;0.4897;0.0246;0.0567;-0.1996;0.4019;0.2234;1.0;0.489;0.1629;-0.2462
spec_share;0.0409;-0.2357;0.1357;-0.0036;0.2248;0.1247;0.489;1.0;0.1064;-0.7893
clim_share;0.4018;0.5923;0.1851;-0.4333;-0.1305;-0.3264;0.1629;0.1064;1.0;-0.067
CTI;0.0865;0.1705;-0.1356;0.0126;-0.0627;0.0059;-0.2462;-0.7893;-0.067;1.0
