year;variable;mean;ci_lo;ci_hi;se_cluster
2018;sent_net;0.2196;-0.096;0.5352;0.157
2019;sent_net;0.3103;-0.0135;0.6342;0.1611
2020;sent_net;0.102;-0.2095;0.4135;0.1549
2021;sent_net;0.1121;-0.1696;0.3938;0.1401
2022;sent_net;-0.0427;-0.3072;0.2217;0.1315
2023;sent_net;-0.1085;-0.3511;0.134;0.1206
2024;sent_net;-0.5883;-0.8065;-0.37;0.1086
2018;sent_net_prob;0.1996;-0.1128;0.512;0.1554
2019;sent_net_prob;0.3084;-0.0133;0.6301;0.16
2020;sent_net_prob;0.117;-0.1872;0.4212;0.1513
2021;sent_net_prob;0.14;-0.1399;0.42;0.1392
2022;sent_net_prob;-0.0173;-0.279;0.2444;0.1301
2023;sent_net_prob;-0.102;-0.3463;0.1423;0.1215
2024;sent_net_prob;-0.6417;-0.8687;-0.4147;0.1129
2018;opp_share;0.1862;-0.1344;0.5069;0.1595
2019;opp_share;0.3597;0.0612;0.6583;0.1485
2020;opp_share;0.1543;-0.1483;0.4569;0.1505
2021;opp_share;0.1347;-0.1435;0.4129;0.1384
2022;opp_share;-0.0311;-0.3013;0.2391;0.1344
2023;opp_share;-0.1104;-0.3429;0.122;0.1156
2024;opp_share;-0.6896;-0.9243;-0.4549;0.1167
2018;risk_share;-0.1855;-0.5051;0.1341;0.159
2019;risk_share;-0.1016;-0.4414;0.2382;0.169
2020;risk_share;0.0266;-0.2821;0.3353;0.1535
2021;risk_share;-0.0289;-0.3155;0.2577;0.1425
2022;risk_share;0.0447;-0.2246;0.3141;0.134
2023;risk_share;0.061;-0.2343;0.3564;0.1469
2024;risk_share;0.1799;-0.0213;0.3811;0.1001
2018;sent_net_exFrame;0.2037;-0.114;0.5214;0.158
2019;sent_net_exFrame;0.2951;-0.031;0.6211;0.1621
2020;sent_net_exFrame;0.0856;-0.228;0.3993;0.156
2021;sent_net_exFrame;0.0966;-0.1868;0.3799;0.1409
2022;sent_net_exFrame;-0.0514;-0.3195;0.2167;0.1333
2023;sent_net_exFrame;-0.1128;-0.3579;0.1323;0.1219
2024;sent_net_exFrame;-0.5126;-0.7325;-0.2926;0.1094
2018;sent_net_exFrameWide;0.1334;-0.1921;0.4589;0.1619
2019;sent_net_exFrameWide;0.2701;-0.0539;0.5941;0.1611
2020;sent_net_exFrameWide;0.0852;-0.2403;0.4106;0.1619
2021;sent_net_exFrameWide;0.0955;-0.193;0.384;0.1435
2022;sent_net_exFrameWide;-0.0333;-0.3044;0.2377;0.1348
2023;sent_net_exFrameWide;-0.0908;-0.3287;0.1471;0.1183
2024;sent_net_exFrameWide;-0.4573;-0.6685;-0.2461;0.1051
2018;frame_share_clim;-0.3921;-0.3921;-0.3921;0.0
2019;frame_share_clim;-0.3921;-0.3921;-0.3921;0.0
2020;frame_share_clim;-0.3908;-0.3935;-0.3882;0.0013
2021;frame_share_clim;-0.374;-0.3883;-0.3596;0.0071
2022;frame_share_clim;-0.3128;-0.3652;-0.2603;0.0261
2023;frame_share_clim;-0.1563;-0.2728;-0.0398;0.0579
2024;frame_share_clim;2.0101;1.5933;2.427;0.2073
2018;frame_wide_share_clim;-0.5663;-0.6142;-0.5183;0.0238
2019;frame_wide_share_clim;-0.4132;-0.5331;-0.2934;0.0596
2020;frame_wide_share_clim;-0.3375;-0.4721;-0.2028;0.067
2021;frame_wide_share_clim;-0.3109;-0.4438;-0.178;0.0661
2022;frame_wide_share_clim;-0.1802;-0.3417;-0.0186;0.0803
2023;frame_wide_share_clim;-0.0268;-0.2176;0.164;0.0949
2024;frame_wide_share_clim;1.8233;1.4545;2.1921;0.1834
2018;clim_share;-0.4903;-0.814;-0.1665;0.161
2019;clim_share;-0.4727;-0.7618;-0.1836;0.1438
2020;clim_share;-0.2804;-0.5702;0.0094;0.1441
2021;clim_share;-0.0082;-0.2579;0.2415;0.1242
2022;clim_share;0.1766;-0.0778;0.431;0.1265
2023;clim_share;0.3794;0.1532;0.6057;0.1125
2024;clim_share;0.6955;0.48;0.911;0.1072
2018;spec_share;0.0247;-0.3503;0.3998;0.1865
2019;spec_share;0.1669;-0.1729;0.5066;0.169
2020;spec_share;-0.0432;-0.3325;0.2461;0.1439
2021;spec_share;0.1547;-0.1115;0.4209;0.1324
2022;spec_share;0.1273;-0.1143;0.3688;0.1202
2023;spec_share;0.1626;-0.0776;0.4029;0.1195
2024;spec_share;-0.5925;-0.7897;-0.3953;0.0981
2018;CTI;0.0392;-0.3952;0.4735;0.216
2019;CTI;-0.1357;-0.4778;0.2065;0.1702
2020;CTI;0.1596;-0.1169;0.4362;0.1375
2021;CTI;-0.0694;-0.3253;0.1865;0.1273
2022;CTI;-0.1072;-0.3317;0.1174;0.1117
2023;CTI;-0.1942;-0.4255;0.037;0.115
2024;CTI;0.3085;0.1144;0.5026;0.0966
2018;commit_share;0.0037;-0.3831;0.3906;0.1924
2019;commit_share;0.208;-0.1025;0.5185;0.1544
2020;commit_share;0.2415;-0.0514;0.5344;0.1457
2021;commit_share;0.2489;0.0109;0.487;0.1184
2022;commit_share;0.1243;-0.103;0.3516;0.1131
2023;commit_share;-0.0226;-0.2484;0.2032;0.1123
2024;commit_share;-0.8038;-1.01;-0.5976;0.1025
2018;Z_SEN;0.0966;-0.2715;0.4648;0.1831
2019;Z_SEN;0.0393;-0.2466;0.3252;0.1422
2020;Z_SEN;-0.0116;-0.3102;0.2871;0.1485
2021;Z_SEN;0.0658;-0.2175;0.3492;0.1409
2022;Z_SEN;-0.0124;-0.2872;0.2625;0.1367
2023;Z_SEN;0.0776;-0.1805;0.3358;0.1284
2024;Z_SEN;-0.2554;-0.5078;-0.003;0.1255
2018;Z_SEN_clim;0.1335;-0.2045;0.4716;0.1681
2019;Z_SEN_clim;0.2034;-0.1235;0.5304;0.1626
2020;Z_SEN_clim;-0.0715;-0.3874;0.2443;0.1571
2021;Z_SEN_clim;0.0462;-0.2381;0.3305;0.1414
2022;Z_SEN_clim;-0.0206;-0.2781;0.2368;0.128
2023;Z_SEN_clim;-0.0888;-0.3626;0.1851;0.1362
2024;Z_SEN_clim;-0.1995;-0.4236;0.0245;0.1114
2018;Z_SEN_nonclim;0.2023;-0.1681;0.5727;0.1842
2019;Z_SEN_nonclim;0.1036;-0.195;0.4023;0.1485
2020;Z_SEN_nonclim;-0.018;-0.2954;0.2594;0.138
2021;Z_SEN_nonclim;0.0476;-0.2304;0.3257;0.1383
2022;Z_SEN_nonclim;-0.0773;-0.36;0.2053;0.1406
2023;Z_SEN_nonclim;0.0473;-0.2075;0.3021;0.1267
2024;Z_SEN_nonclim;-0.3055;-0.5531;-0.0579;0.1231
2018;Z_SEN_exA;0.0432;-0.3244;0.4109;0.1829
2019;Z_SEN_exA;-0.0132;-0.3062;0.2798;0.1457
2020;Z_SEN_exA;-0.0548;-0.3524;0.2427;0.148
2021;Z_SEN_exA;0.0148;-0.2702;0.2997;0.1417
2022;Z_SEN_exA;-0.0455;-0.3266;0.2357;0.1398
2023;Z_SEN_exA;0.0688;-0.1901;0.3278;0.1288
2024;Z_SEN_exA;-0.0134;-0.2627;0.236;0.124
2018;Z_SEN_exB;0.0356;-0.329;0.4002;0.1813
2019;Z_SEN_exB;-0.0199;-0.3102;0.2705;0.1444
2020;Z_SEN_exB;-0.0751;-0.3713;0.2211;0.1473
2021;Z_SEN_exB;0.0123;-0.2736;0.2981;0.1422
2022;Z_SEN_exB;-0.0549;-0.3413;0.2314;0.1424
2023;Z_SEN_exB;0.0643;-0.1953;0.324;0.1291
2024;Z_SEN_exB;0.0377;-0.2126;0.2879;0.1245
2018;Z_SEN_exTop10;0.0555;-0.3129;0.4239;0.1832
2019;Z_SEN_exTop10;-0.001;-0.2922;0.2902;0.1448
2020;Z_SEN_exTop10;-0.0405;-0.3394;0.2584;0.1487
2021;Z_SEN_exTop10;0.022;-0.2635;0.3076;0.142
2022;Z_SEN_exTop10;-0.0425;-0.323;0.2381;0.1395
2023;Z_SEN_exTop10;0.0621;-0.1974;0.3216;0.1291
2024;Z_SEN_exTop10;-0.0557;-0.3035;0.1922;0.1233
2018;Z_SEN_exTop25;0.0279;-0.3434;0.3992;0.1847
2019;Z_SEN_exTop25;-0.0286;-0.3198;0.2625;0.1448
2020;Z_SEN_exTop25;-0.0725;-0.3665;0.2215;0.1462
2021;Z_SEN_exTop25;-0.0011;-0.2872;0.2851;0.1423
2022;Z_SEN_exTop25;-0.0598;-0.342;0.2223;0.1403
2023;Z_SEN_exTop25;0.0688;-0.1887;0.3264;0.1281
2024;Z_SEN_exTop25;0.0653;-0.1827;0.3134;0.1234
2018;Z_SUS;-0.4605;-0.78;-0.1411;0.1589
2019;Z_SUS;-0.449;-0.7219;-0.1761;0.1357
2020;Z_SUS;-0.2253;-0.5054;0.0548;0.1393
2021;Z_SUS;-0.0841;-0.3482;0.18;0.1314
2022;Z_SUS;0.0715;-0.1931;0.336;0.1316
2023;Z_SUS;0.2942;0.071;0.5174;0.111
2024;Z_SUS;0.8533;0.6414;1.0651;0.1054
2018;ESGSI;0.4391;0.1236;0.7547;0.1569
2019;ESGSI;0.3848;0.1109;0.6588;0.1363
2020;ESGSI;0.1684;-0.1081;0.4449;0.1375
2021;ESGSI;0.1182;-0.1327;0.3691;0.1248
2022;ESGSI;-0.0661;-0.3044;0.1722;0.1185
2023;ESGSI;-0.1707;-0.4259;0.0845;0.1269
2024;ESGSI;-0.8738;-1.1247;-0.6228;0.1248
