termino;ocurrencias;docs;empresas;paises;max_empresa;categoria
compliance;55988;342;49;7;0.093;Gobernanza (G)
social;50090;342;49;7;0.067;Social (S)
internal control;21468;341;49;7;0.098;Gobernanza (G)
supply chain;17692;337;49;7;0.091;Gobernanza (G)
audit committee;12967;331;49;7;0.058;Gobernanza (G)
raw material;10866;287;47;7;0.119;Ambiental (E)
independent director;8811;213;35;7;0.113;Gobernanza (G)
fraud;7476;340;49;7;0.067;Gobernanza (G)
integrity;6766;339;49;7;0.122;Gobernanza (G)
disabilit;6734;322;49;7;0.101;Social (S)
code of conduct;6640;287;47;7;0.117;Gobernanza (G)
internal audit;6574;334;49;7;0.067;Gobernanza (G)
ethical;6391;333;49;7;0.087;Gobernanza (G)
risk appetite;5265;167;28;7;0.202;Gobernanza (G)
sanction;4417;318;49;7;0.18;Gobernanza (G)
nutrition;3085;153;38;7;0.605;Social (S)
works council;3035;264;44;6;0.1;Social (S)
conflicts of interest;2945;323;49;7;0.074;Gobernanza (G)
local communit;2854;250;46;7;0.108;Social (S)
vigilance plan;2816;104;18;2;0.112;Gobernanza (G)
code of ethics;2789;219;37;7;0.16;Gobernanza (G)
marine;2434;234;48;7;0.13;Ambiental (E)
ocean;2361;236;47;7;0.111;Ambiental (E)
collective bargaining;2314;255;48;7;0.083;Social (S)
donation;2312;280;47;7;0.102;Social (S)
volunteer;2103;244;46;7;0.186;Social (S)
employee engagement;2057;229;47;7;0.225;Social (S)
proxy;1978;292;47;7;0.1;Gobernanza (G)
related party;1923;291;46;6;0.096;Gobernanza (G)
trade union;1842;268;44;6;0.108;Social (S)
social dialogue;1818;153;39;5;0.109;Social (S)
ilo;1617;252;46;7;0.14;Social (S)
species;1613;175;43;7;0.153;Ambiental (E)
wastewater;1598;169;36;7;0.103;Ambiental (E)
dei;1588;104;30;7;0.49;Social (S)
equal opportunit;1587;287;48;7;0.068;Social (S)
conflict of interest;1532;268;48;7;0.075;Gobernanza (G)
money laundering;1489;203;37;7;0.127;Gobernanza (G)
ppa;1424;169;40;7;0.198;Ambiental (E)
antitrust;1404;224;45;7;0.149;Gobernanza (G)
customer satisfaction;1363;229;43;7;0.116;Social (S)
animal welfare;1335;124;26;4;0.344;Ambiental (E)
energy management;1299;213;43;7;0.448;Ambiental (E)
business ethics;1267;206;41;7;0.115;Gobernanza (G)
whistleblower;1213;191;45;7;0.14;Gobernanza (G)
landfill;1167;179;39;7;0.112;Ambiental (E)
succession planning;1144;240;42;7;0.121;Gobernanza (G)
global warming;1135;244;49;7;0.111;Ambiental (E)
freedom of association;1089;217;45;7;0.102;Social (S)
duty of vigilance;1085;86;17;2;0.38;Gobernanza (G)
wellbeing;1072;192;48;7;0.095;Social (S)
regenerative agriculture;1071;61;21;6;0.463;Ambiental (E)
grievance;1025;150;45;7;0.236;Social (S)
wind farm;1021;117;30;7;0.247;Ambiental (E)
iso 14001;999;209;39;6;0.204;Ambiental (E)
product safety;990;158;32;7;0.142;Social (S)
scenario analysis;978;167;39;7;0.248;Gobernanza (G)
habitat;952;175;41;7;0.112;Ambiental (E)
accessibility;919;201;44;7;0.077;Social (S)
mental health;914;200;45;7;0.127;Social (S)
human capital;839;196;42;6;0.179;Social (S)
apprentice;828;176;38;5;0.116;Social (S)
hydroelectric;825;70;16;5;0.486;Ambiental (E)
philanthrop;801;152;32;6;0.139;Social (S)
fatalit;784;181;47;7;0.203;Social (S)
work-life balance;770;180;44;6;0.09;Social (S)
absenteeism;760;152;29;5;0.075;Social (S)
equal pay;733;190;45;7;0.181;Social (S)
energy storage;711;109;29;6;0.547;Ambiental (E)
oecd guidelines;704;212;46;7;0.078;Social (S)
indigenous;675;130;39;6;0.108;Social (S)
social protection;668;116;34;6;0.253;Social (S)
speak up;653;131;30;7;0.285;Gobernanza (G)
executive compensation;647;118;29;7;0.522;Gobernanza (G)
product quality;639;174;33;7;0.119;Social (S)
food safety;636;45;13;6;0.626;Social (S)
ergonomic;630;175;38;6;0.151;Social (S)
natural capital;599;81;31;6;0.437;Ambiental (E)
lobbying;583;128;38;6;0.184;Gobernanza (G)
maternity;582;157;35;5;0.156;Social (S)
land use;565;132;37;6;0.15;Ambiental (E)
anti-money laundering;557;114;24;7;0.163;Gobernanza (G)
nox;552;150;28;5;0.112;Ambiental (E)
upskilling;527;127;38;7;0.298;Social (S)
compost;525;103;27;6;0.27;Ambiental (E)
consumer protection;520;122;26;6;0.312;Social (S)
clean energy;519;151;36;6;0.17;Ambiental (E)
refrigerant;506;96;25;6;0.447;Ambiental (E)
iso 45001;489;141;31;6;0.119;Gobernanza (G)
air quality;472;144;32;5;0.144;Ambiental (E)
effluent;468;106;28;6;0.252;Ambiental (E)
insider trading;457;164;34;6;0.184;Gobernanza (G)
ecodesign;451;50;21;5;0.621;Ambiental (E)
talent development;447;170;42;6;0.103;Social (S)
road safety;443;87;26;6;0.239;Social (S)
lca;429;82;28;6;0.2;Ambiental (E)
sapin;391;103;19;5;0.161;Gobernanza (G)
tax strategy;377;109;30;7;0.159;Gobernanza (G)
pay equity;358;74;24;7;0.427;Social (S)
human trafficking;349;97;41;7;0.395;Social (S)
resource efficiency;341;95;31;7;0.246;Ambiental (E)
minimum wage;324;109;36;6;0.194;Social (S)
green energy;310;108;32;6;0.271;Ambiental (E)
responsible marketing;305;58;17;6;0.311;Social (S)
wetland;305;83;25;7;0.243;Ambiental (E)
geothermal;299;96;28;6;0.488;Ambiental (E)
iso 50001;297;117;27;5;0.209;Ambiental (E)
affordability;274;101;29;7;0.164;Social (S)
female representation;241;85;26;6;0.17;Social (S)
volatile organic;222;99;25;5;0.18;Ambiental (E)
say on pay;218;68;19;4;0.335;Gobernanza (G)
supplier assessment;210;91;26;6;0.171;Gobernanza (G)
reskilling;204;84;26;6;0.211;Social (S)
b corp;194;33;9;5;0.541;Gobernanza (G)
life cycle assessment;183;80;27;5;0.12;Ambiental (E)
first aid;169;100;32;5;0.136;Social (S)
soil health;161;44;14;6;0.416;Ambiental (E)
wind turbine;159;77;24;5;0.126;Ambiental (E)
agroforestry;156;47;15;4;0.404;Ambiental (E)
smeta;148;36;7;4;0.595;Social (S)
microplastic;128;39;20;5;0.203;Ambiental (E)
labor practices;122;55;18;7;0.164;Social (S)
air pollutant;120;54;18;6;0.242;Ambiental (E)
sedex;118;25;6;5;0.788;Social (S)
fair trade;116;52;16;5;0.397;Social (S)
hydropower;115;45;20;7;0.287;Ambiental (E)
political contribution;95;56;17;5;0.137;Gobernanza (G)
customer privacy;95;39;14;6;0.253;Social (S)
better cotton;83;19;3;3;0.53;Social (S)
particulate matter;82;45;18;5;0.171;Ambiental (E)
microfiber;79;13;4;3;0.772;Ambiental (E)
leather working group;74;31;8;3;0.284;Social (S)
iso 37001;69;35;8;3;0.275;Gobernanza (G)
fairtrade;61;27;6;3;0.41;Social (S)
community relations;49;24;9;4;0.429;Social (S)
cover crop;40;24;9;5;0.35;Ambiental (E)
peatland;34;28;7;4;0.265;Ambiental (E)
board oversight;22;17;8;4;0.364;Gobernanza (G)
virgin polyester;17;8;2;2;0.941;Ambiental (E)
cop 28;15;12;10;4;0.2;Gobernanza (G)
living income;2;2;1;1;1.0;Social (S)
sf6;0;0;0;0;0.0;Ambiental (E)
cop28;0;0;0;0;0.0;Gobernanza (G)
